[
  {
    "model": "posts.user",
    "pk": 2,
    "fields": {
      "username": "user0",
      "email": "user0@example.com",
      "is_superuser": false,
      "is_staff": true,
      "role": "admin",
      "created_at": "2025-03-24T13:25:35.047185+00:00"
    }
  },
  {
    "model": "posts.user",
    "pk": 3,
    "fields": {
      "username": "user1",
      "email": "user1@example.com",
      "role": "user",
      "created_at": "2025-03-24T13:25:35.120139+00:00"
    }
  },
  {
    "model": "posts.user",
    "pk": 4,
    "fields": {
      "username": "user2",
      "email": "user2@example.com",
      "role": "user",
      "created_at": "2025-03-24T13:25:35.192765+00:00"
    }
  },
  {
    "model": "posts.user",
    "pk": 5,
    "fields": {
      "username": "user3",
      "email": "user3@example.com",
      "role": "user",
      "created_at": "2025-03-24T13:25:35.260279+00:00"
    }
  },
  {
    "model": "posts.user",
    "pk": 6,
    "fields": {
      "username": "user4",
      "email": "user4@example.com",
      "role": "user",
      "created_at": "2025-03-24T13:25:35.326749+00:00"
    }
  },
  {
    "model": "posts.user",
    "pk": 7,
    "fields": {
      "username": "user5",
      "email": "user5@example.com",
      "role": "user",
      "created_at": "2025-03-24T13:25:35.395324+00:00"
    }
  },
  {
    "model": "posts.user",
    "pk": 8,
    "fields": {
      "username": "user6",
      "email": "user6@example.com",
      "role": "user",
      "created_at": "2025-03-24T13:25:35.468651+00:00"
    }
  },
  {
    "model": "posts.user",
    "pk": 9,
    "fields": {
      "username": "user7",
      "email": "user7@example.com",
      "role": "user",
      "created_at": "2025-03-24T13:25:35.532979+00:00"
    }
  },
  {
    "model": "posts.user",
    "pk": 10,
    "fields": {
      "username": "user8",
      "email": "user8@example.com",
      "role": "user",
      "created_at": "2025-03-24T13:25:35.597255+00:00"
    }
  },
  {
    "model": "posts.user",
    "pk": 11,
    "fields": {
      "username": "user9",
      "email": "user9@example.com",
      "role": "user",
      "created_at": "2025-03-24T13:25:35.662333+00:00"
    }
  },
  {
    "model": "posts.user",
    "pk": 12,
    "fields": {
      "username": "user10",
      "email": "user10@example.com",
      "role": "user",
      "created_at": "2025-03-24T13:25:35.725265+00:00"
    }
  },
  {
    "model": "posts.user",
    "pk": 13,
    "fields": {
      "username": "user11",
      "email": "user11@example.com",
      "role": "user",
      "created_at": "2025-03-24T13:25:35.789671+00:00"
    }
  },
  {
    "model": "posts.user",
    "pk": 14,
    "fields": {
      "username": "user12",
      "email": "user12@example.com",
      "role": "user",
      "created_at": "2025-03-24T13:25:35.855226+00:00"
    }
  },
  {
    "model": "posts.user",
    "pk": 15,
    "fields": {
      "username": "user13",
      "email": "user13@example.com",
      "role": "user",
      "created_at": "2025-03-24T13:25:35.919204+00:00"
    }
  },
  {
    "model": "posts.user",
    "pk": 16,
    "fields": {
      "username": "user14",
      "email": "user14@example.com",
      "role": "user",
      "created_at": "2025-03-24T13:25:35.982948+00:00"
    }
  },
  {
    "model": "posts.user",
    "pk": 17,
    "fields": {
      "username": "user15",
      "email": "user15@example.com",
      "role": "user",
      "created_at": "2025-03-24T13:25:36.049359+00:00"
    }
  },
  {
    "model": "posts.user",
    "pk": 18,
    "fields": {
      "username": "user16",
      "email": "user16@example.com",
      "role": "user",
      "created_at": "2025-03-24T13:25:36.113298+00:00"
    }
  },
  {
    "model": "posts.user",
    "pk": 19,
    "fields": {
      "username": "user17",
      "email": "user17@example.com",
      "role": "user",
      "created_at": "2025-03-24T13:25:36.182320+00:00"
    }
  },
  {
    "model": "posts.user",
    "pk": 20,
    "fields": {
      "username": "user18",
      "email": "user18@example.com",
      "role": "user",
      "created_at": "2025-03-24T13:25:36.252587+00:00"
    }
  },
  {
    "model": "posts.user",
    "pk": 21,
    "fields": {
      "username": "user19",
      "email": "user19@example.com",
      "role": "user",
      "created_at": "2025-03-24T13:25:36.324171+00:00"
    }
  },
  {
    "model": "posts.post",
    "pk": 1,
    "fields": {
      "content": "Post 1 content by user16",
      "author": 18,
      "privacy": "public",
      "created_at": "2025-03-24T13:25:36.335579+00:00"
    }
  },
  {
    "model": "posts.post",
    "pk": 2,
    "fields": {
      "content": "Post 2 content by user19",
      "author": 21,
      "privacy": "public",
      "created_at": "2025-03-24T13:25:36.342560+00:00"
    }
  },
  {
    "model": "posts.post",
    "pk": 3,
    "fields": {
      "content": "Post 3 content by user18",
      "author": 20,
      "privacy": "public",
      "created_at": "2025-03-24T13:25:36.349660+00:00"
    }
  },
  {
    "model": "posts.post",
    "pk": 4,
    "fields": {
      "content": "Post 4 content by user2",
      "author": 4,
      "privacy": "public",
      "created_at": "2025-03-24T13:25:36.356305+00:00"
    }
  },
  {
    "model": "posts.post",
    "pk": 5,
    "fields": {
      "content": "Post 5 content by user19",
      "author": 21,
      "privacy": "private",
      "created_at": "2025-03-24T13:25:36.363330+00:00"
    }
  },
  {
    "model": "posts.post",
    "pk": 6,
    "fields": {
      "content": "Post 6 content by user1",
      "author": 3,
      "privacy": "private",
      "created_at": "2025-03-24T13:25:36.370404+00:00"
    }
  },
  {
    "model": "posts.post",
    "pk": 7,
    "fields": {
      "content": "Post 7 content by user6",
      "author": 8,
      "privacy": "private",
      "created_at": "2025-03-24T13:25:36.377784+00:00"
    }
  },
  {
    "model": "posts.post",
    "pk": 8,
    "fields": {
      "content": "Post 8 content by user7",
      "author": 9,
      "privacy": "private",
      "created_at": "2025-03-24T13:25:36.384488+00:00"
    }
  },
  {
    "model": "posts.post",
    "pk": 9,
    "fields": {
      "content": "Post 9 content by user11",
      "author": 13,
      "privacy": "public",
      "created_at": "2025-03-24T13:25:36.391025+00:00"
    }
  },
  {
    "model": "posts.post",
    "pk": 10,
    "fields": {
      "content": "Post 10 content by user9",
      "author": 11,
      "privacy": "private",
      "created_at": "2025-03-24T13:25:36.397876+00:00"
    }
  },
  {
    "model": "posts.post",
    "pk": 11,
    "fields": {
      "content": "Post 11 content by user16",
      "author": 18,
      "privacy": "private",
      "created_at": "2025-03-24T13:25:36.404683+00:00"
    }
  },
  {
    "model": "posts.post",
    "pk": 12,
    "fields": {
      "content": "Post 12 content by user18",
      "author": 20,
      "privacy": "private",
      "created_at": "2025-03-24T13:25:36.412439+00:00"
    }
  },
  {
    "model": "posts.post",
    "pk": 13,
    "fields": {
      "content": "Post 13 content by user5",
      "author": 7,
      "privacy": "public",
      "created_at": "2025-03-24T13:25:36.420568+00:00"
    }
  },
  {
    "model": "posts.post",
    "pk": 14,
    "fields": {
      "content": "Post 14 content by user19",
      "author": 21,
      "privacy": "public",
      "created_at": "2025-03-24T13:25:36.427677+00:00"
    }
  },
  {
    "model": "posts.post",
    "pk": 15,
    "fields": {
      "content": "Post 15 content by user14",
      "author": 16,
      "privacy": "public",
      "created_at": "2025-03-24T13:25:36.434607+00:00"
    }
  },
  {
    "model": "posts.post",
    "pk": 16,
    "fields": {
      "content": "Post 16 content by user18",
      "author": 20,
      "privacy": "public",
      "created_at": "2025-03-24T13:25:36.441020+00:00"
    }
  },
  {
    "model": "posts.post",
    "pk": 17,
    "fields": {
      "content": "Post 17 content by user8",
      "author": 10,
      "privacy": "private",
      "created_at": "2025-03-24T13:25:36.447754+00:00"
    }
  },
  {
    "model": "posts.post",
    "pk": 18,
    "fields": {
      "content": "Post 18 content by user15",
      "author": 17,
      "privacy": "public",
      "created_at": "2025-03-24T13:25:36.454139+00:00"
    }
  },
  {
    "model": "posts.post",
    "pk": 19,
    "fields": {
      "content": "Post 19 content by user3",
      "author": 5,
      "privacy": "private",
      "created_at": "2025-03-24T13:25:36.461524+00:00"
    }
  },
  {
    "model": "posts.post",
    "pk": 20,
    "fields": {
      "content": "Post 20 content by user4",
      "author": 6,
      "privacy": "private",
      "created_at": "2025-03-24T13:25:36.471458+00:00"
    }
  },
  {
    "model": "posts.post",
    "pk": 21,
    "fields": {
      "content": "Post 21 content by user14",
      "author": 16,
      "privacy": "private",
      "created_at": "2025-03-24T13:25:36.478883+00:00"
    }
  },
  {
    "model": "posts.post",
    "pk": 22,
    "fields": {
      "content": "Post 22 content by user5",
      "author": 7,
      "privacy": "public",
      "created_at": "2025-03-24T13:25:36.486059+00:00"
    }
  },
  {
    "model": "posts.post",
    "pk": 23,
    "fields": {
      "content": "Post 23 content by user2",
      "author": 4,
      "privacy": "public",
      "created_at": "2025-03-24T13:25:36.495671+00:00"
    }
  },
  {
    "model": "posts.post",
    "pk": 24,
    "fields": {
      "content": "Post 24 content by user16",
      "author": 18,
      "privacy": "private",
      "created_at": "2025-03-24T13:25:36.503960+00:00"
    }
  },
  {
    "model": "posts.post",
    "pk": 25,
    "fields": {
      "content": "Post 25 content by user7",
      "author": 9,
      "privacy": "private",
      "created_at": "2025-03-24T13:25:36.511800+00:00"
    }
  },
  {
    "model": "posts.post",
    "pk": 26,
    "fields": {
      "content": "Post 26 content by user5",
      "author": 7,
      "privacy": "public",
      "created_at": "2025-03-24T13:25:36.518533+00:00"
    }
  },
  {
    "model": "posts.post",
    "pk": 27,
    "fields": {
      "content": "Post 27 content by user13",
      "author": 15,
      "privacy": "public",
      "created_at": "2025-03-24T13:25:36.525577+00:00"
    }
  },
  {
    "model": "posts.post",
    "pk": 28,
    "fields": {
      "content": "Post 28 content by user13",
      "author": 15,
      "privacy": "public",
      "created_at": "2025-03-24T13:25:36.532103+00:00"
    }
  },
  {
    "model": "posts.post",
    "pk": 29,
    "fields": {
      "content": "Post 29 content by user6",
      "author": 8,
      "privacy": "private",
      "created_at": "2025-03-24T13:25:36.539464+00:00"
    }
  },
  {
    "model": "posts.post",
    "pk": 30,
    "fields": {
      "content": "Post 30 content by user15",
      "author": 17,
      "privacy": "public",
      "created_at": "2025-03-24T13:25:36.546658+00:00"
    }
  },
  {
    "model": "posts.post",
    "pk": 31,
    "fields": {
      "content": "Post 31 content by user10",
      "author": 12,
      "privacy": "public",
      "created_at": "2025-03-24T13:25:36.556993+00:00"
    }
  },
  {
    "model": "posts.post",
    "pk": 32,
    "fields": {
      "content": "Post 32 content by user2",
      "author": 4,
      "privacy": "private",
      "created_at": "2025-03-24T13:25:36.564051+00:00"
    }
  },
  {
    "model": "posts.post",
    "pk": 33,
    "fields": {
      "content": "Post 33 content by user15",
      "author": 17,
      "privacy": "private",
      "created_at": "2025-03-24T13:25:36.570321+00:00"
    }
  },
  {
    "model": "posts.post",
    "pk": 34,
    "fields": {
      "content": "Post 34 content by user17",
      "author": 19,
      "privacy": "private",
      "created_at": "2025-03-24T13:25:36.578087+00:00"
    }
  },
  {
    "model": "posts.post",
    "pk": 35,
    "fields": {
      "content": "Post 35 content by user6",
      "author": 8,
      "privacy": "private",
      "created_at": "2025-03-24T13:25:36.585219+00:00"
    }
  },
  {
    "model": "posts.post",
    "pk": 36,
    "fields": {
      "content": "Post 36 content by user14",
      "author": 16,
      "privacy": "private",
      "created_at": "2025-03-24T13:25:36.592806+00:00"
    }
  },
  {
    "model": "posts.post",
    "pk": 37,
    "fields": {
      "content": "Post 37 content by user7",
      "author": 9,
      "privacy": "private",
      "created_at": "2025-03-24T13:25:36.602596+00:00"
    }
  },
  {
    "model": "posts.post",
    "pk": 38,
    "fields": {
      "content": "Post 38 content by user4",
      "author": 6,
      "privacy": "public",
      "created_at": "2025-03-24T13:25:36.608998+00:00"
    }
  },
  {
    "model": "posts.post",
    "pk": 39,
    "fields": {
      "content": "Post 39 content by user17",
      "author": 19,
      "privacy": "private",
      "created_at": "2025-03-24T13:25:36.615530+00:00"
    }
  },
  {
    "model": "posts.post",
    "pk": 40,
    "fields": {
      "content": "Post 40 content by user1",
      "author": 3,
      "privacy": "public",
      "created_at": "2025-03-24T13:25:36.622548+00:00"
    }
  },
  {
    "model": "posts.post",
    "pk": 41,
    "fields": {
      "content": "Post 41 content by user1",
      "author": 3,
      "privacy": "public",
      "created_at": "2025-03-24T13:25:36.633186+00:00"
    }
  },
  {
    "model": "posts.post",
    "pk": 42,
    "fields": {
      "content": "Post 42 content by user2",
      "author": 4,
      "privacy": "public",
      "created_at": "2025-03-24T13:25:36.639504+00:00"
    }
  },
  {
    "model": "posts.post",
    "pk": 43,
    "fields": {
      "content": "Post 43 content by user15",
      "author": 17,
      "privacy": "private",
      "created_at": "2025-03-24T13:25:36.648007+00:00"
    }
  },
  {
    "model": "posts.post",
    "pk": 44,
    "fields": {
      "content": "Post 44 content by user9",
      "author": 11,
      "privacy": "public",
      "created_at": "2025-03-24T13:25:36.654993+00:00"
    }
  },
  {
    "model": "posts.post",
    "pk": 45,
    "fields": {
      "content": "Post 45 content by user12",
      "author": 14,
      "privacy": "public",
      "created_at": "2025-03-24T13:25:36.661869+00:00"
    }
  },
  {
    "model": "posts.post",
    "pk": 46,
    "fields": {
      "content": "Post 46 content by user2",
      "author": 4,
      "privacy": "private",
      "created_at": "2025-03-24T13:25:36.670715+00:00"
    }
  },
  {
    "model": "posts.post",
    "pk": 47,
    "fields": {
      "content": "Post 47 content by user2",
      "author": 4,
      "privacy": "public",
      "created_at": "2025-03-24T13:25:36.679004+00:00"
    }
  },
  {
    "model": "posts.post",
    "pk": 48,
    "fields": {
      "content": "Post 48 content by user5",
      "author": 7,
      "privacy": "public",
      "created_at": "2025-03-24T13:25:36.685481+00:00"
    }
  },
  {
    "model": "posts.post",
    "pk": 49,
    "fields": {
      "content": "Post 49 content by user11",
      "author": 13,
      "privacy": "public",
      "created_at": "2025-03-24T13:25:36.693022+00:00"
    }
  },
  {
    "model": "posts.post",
    "pk": 50,
    "fields": {
      "content": "Post 50 content by user19",
      "author": 21,
      "privacy": "private",
      "created_at": "2025-03-24T13:25:36.702242+00:00"
    }
  },
  {
    "model": "posts.comment",
    "pk": 1,
    "fields": {
      "content": "Comment 1 by user9",
      "user": 11,
      "post": 48,
      "created_at": "2025-03-24T13:25:36.709158+00:00"
    }
  },
  {
    "model": "posts.comment",
    "pk": 2,
    "fields": {
      "content": "Comment 2 by user19",
      "user": 21,
      "post": 47,
      "created_at": "2025-03-24T13:25:36.717444+00:00"
    }
  },
  {
    "model": "posts.comment",
    "pk": 3,
    "fields": {
      "content": "Comment 3 by user17",
      "user": 19,
      "post": 17,
      "created_at": "2025-03-24T13:25:36.724675+00:00"
    }
  },
  {
    "model": "posts.comment",
    "pk": 4,
    "fields": {
      "content": "Comment 4 by user9",
      "user": 11,
      "post": 22,
      "created_at": "2025-03-24T13:25:36.731440+00:00"
    }
  },
  {
    "model": "posts.comment",
    "pk": 5,
    "fields": {
      "content": "Comment 5 by user19",
      "user": 21,
      "post": 41,
      "created_at": "2025-03-24T13:25:36.738131+00:00"
    }
  },
  {
    "model": "posts.comment",
    "pk": 6,
    "fields": {
      "content": "Comment 6 by user7",
      "user": 9,
      "post": 33,
      "created_at": "2025-03-24T13:25:36.745752+00:00"
    }
  },
  {
    "model": "posts.comment",
    "pk": 7,
    "fields": {
      "content": "Comment 7 by user2",
      "user": 4,
      "post": 22,
      "created_at": "2025-03-24T13:25:36.753195+00:00"
    }
  },
  {
    "model": "posts.comment",
    "pk": 8,
    "fields": {
      "content": "Comment 8 by user1",
      "user": 3,
      "post": 20,
      "created_at": "2025-03-24T13:25:36.759846+00:00"
    }
  },
  {
    "model": "posts.comment",
    "pk": 9,
    "fields": {
      "content": "Comment 9 by user0",
      "user": 2,
      "post": 43,
      "created_at": "2025-03-24T13:25:36.767277+00:00"
    }
  },
  {
    "model": "posts.comment",
    "pk": 10,
    "fields": {
      "content": "Comment 10 by user9",
      "user": 11,
      "post": 37,
      "created_at": "2025-03-24T13:25:36.774111+00:00"
    }
  },
  {
    "model": "posts.comment",
    "pk": 11,
    "fields": {
      "content": "Comment 11 by user12",
      "user": 14,
      "post": 24,
      "created_at": "2025-03-24T13:25:36.781859+00:00"
    }
  },
  {
    "model": "posts.comment",
    "pk": 12,
    "fields": {
      "content": "Comment 12 by user1",
      "user": 3,
      "post": 11,
      "created_at": "2025-03-24T13:25:36.788255+00:00"
    }
  },
  {
    "model": "posts.comment",
    "pk": 13,
    "fields": {
      "content": "Comment 13 by user6",
      "user": 8,
      "post": 35,
      "created_at": "2025-03-24T13:25:36.795291+00:00"
    }
  },
  {
    "model": "posts.comment",
    "pk": 14,
    "fields": {
      "content": "Comment 14 by user11",
      "user": 13,
      "post": 43,
      "created_at": "2025-03-24T13:25:36.802514+00:00"
    }
  },
  {
    "model": "posts.comment",
    "pk": 15,
    "fields": {
      "content": "Comment 15 by user1",
      "user": 3,
      "post": 31,
      "created_at": "2025-03-24T13:25:36.809405+00:00"
    }
  },
  {
    "model": "posts.comment",
    "pk": 16,
    "fields": {
      "content": "Comment 16 by user6",
      "user": 8,
      "post": 31,
      "created_at": "2025-03-24T13:25:36.817005+00:00"
    }
  },
  {
    "model": "posts.comment",
    "pk": 17,
    "fields": {
      "content": "Comment 17 by user0",
      "user": 2,
      "post": 24,
      "created_at": "2025-03-24T13:25:36.824434+00:00"
    }
  },
  {
    "model": "posts.comment",
    "pk": 18,
    "fields": {
      "content": "Comment 18 by user3",
      "user": 5,
      "post": 14,
      "created_at": "2025-03-24T13:25:36.831393+00:00"
    }
  },
  {
    "model": "posts.comment",
    "pk": 19,
    "fields": {
      "content": "Comment 19 by user2",
      "user": 4,
      "post": 11,
      "created_at": "2025-03-24T13:25:36.838594+00:00"
    }
  },
  {
    "model": "posts.comment",
    "pk": 20,
    "fields": {
      "content": "Comment 20 by user4",
      "user": 6,
      "post": 12,
      "created_at": "2025-03-24T13:25:36.845648+00:00"
    }
  },
  {
    "model": "posts.comment",
    "pk": 21,
    "fields": {
      "content": "Comment 21 by user13",
      "user": 15,
      "post": 34,
      "created_at": "2025-03-24T13:25:36.853544+00:00"
    }
  },
  {
    "model": "posts.comment",
    "pk": 22,
    "fields": {
      "content": "Comment 22 by user19",
      "user": 21,
      "post": 45,
      "created_at": "2025-03-24T13:25:36.860739+00:00"
    }
  },
  {
    "model": "posts.comment",
    "pk": 23,
    "fields": {
      "content": "Comment 23 by user16",
      "user": 18,
      "post": 14,
      "created_at": "2025-03-24T13:25:36.867799+00:00"
    }
  },
  {
    "model": "posts.comment",
    "pk": 24,
    "fields": {
      "content": "Comment 24 by user16",
      "user": 18,
      "post": 32,
      "created_at": "2025-03-24T13:25:36.875810+00:00"
    }
  },
  {
    "model": "posts.comment",
    "pk": 25,
    "fields": {
      "content": "Comment 25 by user11",
      "user": 13,
      "post": 32,
      "created_at": "2025-03-24T13:25:36.882405+00:00"
    }
  },
  {
    "model": "posts.comment",
    "pk": 26,
    "fields": {
      "content": "Comment 26 by user10",
      "user": 12,
      "post": 40,
      "created_at": "2025-03-24T13:25:36.890369+00:00"
    }
  },
  {
    "model": "posts.comment",
    "pk": 27,
    "fields": {
      "content": "Comment 27 by user5",
      "user": 7,
      "post": 24,
      "created_at": "2025-03-24T13:25:36.897393+00:00"
    }
  },
  {
    "model": "posts.comment",
    "pk": 28,
    "fields": {
      "content": "Comment 28 by user12",
      "user": 14,
      "post": 17,
      "created_at": "2025-03-24T13:25:36.903855+00:00"
    }
  },
  {
    "model": "posts.comment",
    "pk": 29,
    "fields": {
      "content": "Comment 29 by user15",
      "user": 17,
      "post": 28,
      "created_at": "2025-03-24T13:25:36.910123+00:00"
    }
  },
  {
    "model": "posts.comment",
    "pk": 30,
    "fields": {
      "content": "Comment 30 by user7",
      "user": 9,
      "post": 30,
      "created_at": "2025-03-24T13:25:36.916740+00:00"
    }
  },
  {
    "model": "posts.comment",
    "pk": 31,
    "fields": {
      "content": "Comment 31 by user16",
      "user": 18,
      "post": 19,
      "created_at": "2025-03-24T13:25:36.924538+00:00"
    }
  },
  {
    "model": "posts.comment",
    "pk": 32,
    "fields": {
      "content": "Comment 32 by user2",
      "user": 4,
      "post": 7,
      "created_at": "2025-03-24T13:25:36.930493+00:00"
    }
  },
  {
    "model": "posts.comment",
    "pk": 33,
    "fields": {
      "content": "Comment 33 by user1",
      "user": 3,
      "post": 26,
      "created_at": "2025-03-24T13:25:36.937085+00:00"
    }
  },
  {
    "model": "posts.comment",
    "pk": 34,
    "fields": {
      "content": "Comment 34 by user3",
      "user": 5,
      "post": 36,
      "created_at": "2025-03-24T13:25:36.944889+00:00"
    }
  },
  {
    "model": "posts.comment",
    "pk": 35,
    "fields": {
      "content": "Comment 35 by user11",
      "user": 13,
      "post": 30,
      "created_at": "2025-03-24T13:25:36.951541+00:00"
    }
  },
  {
    "model": "posts.comment",
    "pk": 36,
    "fields": {
      "content": "Comment 36 by user0",
      "user": 2,
      "post": 20,
      "created_at": "2025-03-24T13:25:36.958357+00:00"
    }
  },
  {
    "model": "posts.comment",
    "pk": 37,
    "fields": {
      "content": "Comment 37 by user17",
      "user": 19,
      "post": 49,
      "created_at": "2025-03-24T13:25:36.965104+00:00"
    }
  },
  {
    "model": "posts.comment",
    "pk": 38,
    "fields": {
      "content": "Comment 38 by user8",
      "user": 10,
      "post": 45,
      "created_at": "2025-03-24T13:25:36.971369+00:00"
    }
  },
  {
    "model": "posts.comment",
    "pk": 39,
    "fields": {
      "content": "Comment 39 by user14",
      "user": 16,
      "post": 12,
      "created_at": "2025-03-24T13:25:36.978356+00:00"
    }
  },
  {
    "model": "posts.comment",
    "pk": 40,
    "fields": {
      "content": "Comment 40 by user2",
      "user": 4,
      "post": 24,
      "created_at": "2025-03-24T13:25:36.984800+00:00"
    }
  },
  {
    "model": "posts.comment",
    "pk": 41,
    "fields": {
      "content": "Comment 41 by user5",
      "user": 7,
      "post": 20,
      "created_at": "2025-03-24T13:25:36.991198+00:00"
    }
  },
  {
    "model": "posts.comment",
    "pk": 42,
    "fields": {
      "content": "Comment 42 by user17",
      "user": 19,
      "post": 6,
      "created_at": "2025-03-24T13:25:36.997818+00:00"
    }
  },
  {
    "model": "posts.comment",
    "pk": 43,
    "fields": {
      "content": "Comment 43 by user2",
      "user": 4,
      "post": 49,
      "created_at": "2025-03-24T13:25:37.005996+00:00"
    }
  },
  {
    "model": "posts.comment",
    "pk": 44,
    "fields": {
      "content": "Comment 44 by user18",
      "user": 20,
      "post": 40,
      "created_at": "2025-03-24T13:25:37.012094+00:00"
    }
  },
  {
    "model": "posts.comment",
    "pk": 45,
    "fields": {
      "content": "Comment 45 by user7",
      "user": 9,
      "post": 24,
      "created_at": "2025-03-24T13:25:37.018501+00:00"
    }
  },
  {
    "model": "posts.comment",
    "pk": 46,
    "fields": {
      "content": "Comment 46 by user12",
      "user": 14,
      "post": 37,
      "created_at": "2025-03-24T13:25:37.026144+00:00"
    }
  },
  {
    "model": "posts.comment",
    "pk": 47,
    "fields": {
      "content": "Comment 47 by user6",
      "user": 8,
      "post": 38,
      "created_at": "2025-03-24T13:25:37.035011+00:00"
    }
  },
  {
    "model": "posts.comment",
    "pk": 48,
    "fields": {
      "content": "Comment 48 by user14",
      "user": 16,
      "post": 7,
      "created_at": "2025-03-24T13:25:37.041512+00:00"
    }
  },
  {
    "model": "posts.comment",
    "pk": 49,
    "fields": {
      "content": "Comment 49 by user3",
      "user": 5,
      "post": 29,
      "created_at": "2025-03-24T13:25:37.048333+00:00"
    }
  },
  {
    "model": "posts.comment",
    "pk": 50,
    "fields": {
      "content": "Comment 50 by user4",
      "user": 6,
      "post": 22,
      "created_at": "2025-03-24T13:25:37.054299+00:00"
    }
  },
  {
    "model": "posts.comment",
    "pk": 51,
    "fields": {
      "content": "Comment 51 by user5",
      "user": 7,
      "post": 27,
      "created_at": "2025-03-24T13:25:37.060523+00:00"
    }
  },
  {
    "model": "posts.comment",
    "pk": 52,
    "fields": {
      "content": "Comment 52 by user11",
      "user": 13,
      "post": 9,
      "created_at": "2025-03-24T13:25:37.067520+00:00"
    }
  },
  {
    "model": "posts.comment",
    "pk": 53,
    "fields": {
      "content": "Comment 53 by user8",
      "user": 10,
      "post": 1,
      "created_at": "2025-03-24T13:25:37.073861+00:00"
    }
  },
  {
    "model": "posts.comment",
    "pk": 54,
    "fields": {
      "content": "Comment 54 by user7",
      "user": 9,
      "post": 28,
      "created_at": "2025-03-24T13:25:37.080017+00:00"
    }
  },
  {
    "model": "posts.comment",
    "pk": 55,
    "fields": {
      "content": "Comment 55 by user1",
      "user": 3,
      "post": 29,
      "created_at": "2025-03-24T13:25:37.086323+00:00"
    }
  },
  {
    "model": "posts.comment",
    "pk": 56,
    "fields": {
      "content": "Comment 56 by user8",
      "user": 10,
      "post": 48,
      "created_at": "2025-03-24T13:25:37.093380+00:00"
    }
  },
  {
    "model": "posts.comment",
    "pk": 57,
    "fields": {
      "content": "Comment 57 by user8",
      "user": 10,
      "post": 29,
      "created_at": "2025-03-24T13:25:37.100336+00:00"
    }
  },
  {
    "model": "posts.comment",
    "pk": 58,
    "fields": {
      "content": "Comment 58 by user8",
      "user": 10,
      "post": 33,
      "created_at": "2025-03-24T13:25:37.107033+00:00"
    }
  },
  {
    "model": "posts.comment",
    "pk": 59,
    "fields": {
      "content": "Comment 59 by user6",
      "user": 8,
      "post": 21,
      "created_at": "2025-03-24T13:25:37.113079+00:00"
    }
  },
  {
    "model": "posts.comment",
    "pk": 60,
    "fields": {
      "content": "Comment 60 by user12",
      "user": 14,
      "post": 40,
      "created_at": "2025-03-24T13:25:37.119777+00:00"
    }
  },
  {
    "model": "posts.comment",
    "pk": 61,
    "fields": {
      "content": "Comment 61 by user11",
      "user": 13,
      "post": 1,
      "created_at": "2025-03-24T13:25:37.125757+00:00"
    }
  },
  {
    "model": "posts.comment",
    "pk": 62,
    "fields": {
      "content": "Comment 62 by user19",
      "user": 21,
      "post": 50,
      "created_at": "2025-03-24T13:25:37.132297+00:00"
    }
  },
  {
    "model": "posts.comment",
    "pk": 63,
    "fields": {
      "content": "Comment 64 by user4",
      "user": 6,
      "post": 16,
      "created_at": "2025-03-24T13:25:37.138181+00:00"
    }
  },
  {
    "model": "posts.comment",
    "pk": 64,
    "fields": {
      "content": "Comment 65 by user4",
      "user": 6,
      "post": 23,
      "created_at": "2025-03-24T13:25:37.144691+00:00"
    }
  },
  {
    "model": "posts.comment",
    "pk": 65,
    "fields": {
      "content": "Comment 66 by user2",
      "user": 4,
      "post": 6,
      "created_at": "2025-03-24T13:25:37.151124+00:00"
    }
  },
  {
    "model": "posts.comment",
    "pk": 66,
    "fields": {
      "content": "Comment 67 by user9",
      "user": 11,
      "post": 36,
      "created_at": "2025-03-24T13:25:37.158103+00:00"
    }
  },
  {
    "model": "posts.comment",
    "pk": 67,
    "fields": {
      "content": "Comment 68 by user13",
      "user": 15,
      "post": 44,
      "created_at": "2025-03-24T13:25:37.164392+00:00"
    }
  },
  {
    "model": "posts.comment",
    "pk": 68,
    "fields": {
      "content": "Comment 69 by user0",
      "user": 2,
      "post": 48,
      "created_at": "2025-03-24T13:25:37.170675+00:00"
    }
  },
  {
    "model": "posts.comment",
    "pk": 69,
    "fields": {
      "content": "Comment 70 by user19",
      "user": 21,
      "post": 25,
      "created_at": "2025-03-24T13:25:37.177181+00:00"
    }
  },
  {
    "model": "posts.comment",
    "pk": 70,
    "fields": {
      "content": "Comment 71 by user1",
      "user": 3,
      "post": 23,
      "created_at": "2025-03-24T13:25:37.183694+00:00"
    }
  },
  {
    "model": "posts.comment",
    "pk": 71,
    "fields": {
      "content": "Comment 72 by user12",
      "user": 14,
      "post": 32,
      "created_at": "2025-03-24T13:25:37.190502+00:00"
    }
  },
  {
    "model": "posts.comment",
    "pk": 72,
    "fields": {
      "content": "Comment 74 by user3",
      "user": 5,
      "post": 5,
      "created_at": "2025-03-24T13:25:37.197302+00:00"
    }
  },
  {
    "model": "posts.comment",
    "pk": 73,
    "fields": {
      "content": "Comment 75 by user9",
      "user": 11,
      "post": 50,
      "created_at": "2025-03-24T13:25:37.204436+00:00"
    }
  },
  {
    "model": "posts.comment",
    "pk": 74,
    "fields": {
      "content": "Comment 76 by user3",
      "user": 5,
      "post": 32,
      "created_at": "2025-03-24T13:25:37.210710+00:00"
    }
  },
  {
    "model": "posts.comment",
    "pk": 75,
    "fields": {
      "content": "Comment 78 by user14",
      "user": 16,
      "post": 22,
      "created_at": "2025-03-24T13:25:37.218712+00:00"
    }
  },
  {
    "model": "posts.comment",
    "pk": 76,
    "fields": {
      "content": "Comment 79 by user18",
      "user": 20,
      "post": 18,
      "created_at": "2025-03-24T13:25:37.225383+00:00"
    }
  },
  {
    "model": "posts.comment",
    "pk": 77,
    "fields": {
      "content": "Comment 80 by user19",
      "user": 21,
      "post": 29,
      "created_at": "2025-03-24T13:25:37.232517+00:00"
    }
  },
  {
    "model": "posts.comment",
    "pk": 78,
    "fields": {
      "content": "Comment 81 by user16",
      "user": 18,
      "post": 11,
      "created_at": "2025-03-24T13:25:37.238855+00:00"
    }
  },
  {
    "model": "posts.comment",
    "pk": 79,
    "fields": {
      "content": "Comment 82 by user3",
      "user": 5,
      "post": 28,
      "created_at": "2025-03-24T13:25:37.245230+00:00"
    }
  },
  {
    "model": "posts.comment",
    "pk": 80,
    "fields": {
      "content": "Comment 83 by user4",
      "user": 6,
      "post": 10,
      "created_at": "2025-03-24T13:25:37.251701+00:00"
    }
  },
  {
    "model": "posts.comment",
    "pk": 81,
    "fields": {
      "content": "Comment 84 by user19",
      "user": 21,
      "post": 39,
      "created_at": "2025-03-24T13:25:37.258192+00:00"
    }
  },
  {
    "model": "posts.comment",
    "pk": 82,
    "fields": {
      "content": "Comment 85 by user0",
      "user": 2,
      "post": 38,
      "created_at": "2025-03-24T13:25:37.265271+00:00"
    }
  },
  {
    "model": "posts.comment",
    "pk": 83,
    "fields": {
      "content": "Comment 88 by user11",
      "user": 13,
      "post": 22,
      "created_at": "2025-03-24T13:25:37.272299+00:00"
    }
  },
  {
    "model": "posts.comment",
    "pk": 84,
    "fields": {
      "content": "Comment 89 by user3",
      "user": 5,
      "post": 41,
      "created_at": "2025-03-24T13:25:37.279140+00:00"
    }
  },
  {
    "model": "posts.comment",
    "pk": 85,
    "fields": {
      "content": "Comment 90 by user0",
      "user": 2,
      "post": 16,
      "created_at": "2025-03-24T13:25:37.287621+00:00"
    }
  },
  {
    "model": "posts.comment",
    "pk": 86,
    "fields": {
      "content": "Comment 91 by user12",
      "user": 14,
      "post": 41,
      "created_at": "2025-03-24T13:25:37.293966+00:00"
    }
  },
  {
    "model": "posts.comment",
    "pk": 87,
    "fields": {
      "content": "Comment 92 by user6",
      "user": 8,
      "post": 6,
      "created_at": "2025-03-24T13:25:37.301130+00:00"
    }
  },
  {
    "model": "posts.comment",
    "pk": 88,
    "fields": {
      "content": "Comment 93 by user13",
      "user": 15,
      "post": 7,
      "created_at": "2025-03-24T13:25:37.308082+00:00"
    }
  },
  {
    "model": "posts.comment",
    "pk": 89,
    "fields": {
      "content": "Comment 95 by user6",
      "user": 8,
      "post": 13,
      "created_at": "2025-03-24T13:25:37.314225+00:00"
    }
  },
  {
    "model": "posts.comment",
    "pk": 90,
    "fields": {
      "content": "Comment 96 by user9",
      "user": 11,
      "post": 29,
      "created_at": "2025-03-24T13:25:37.320808+00:00"
    }
  },
  {
    "model": "posts.comment",
    "pk": 91,
    "fields": {
      "content": "Comment 97 by user15",
      "user": 17,
      "post": 23,
      "created_at": "2025-03-24T13:25:37.327115+00:00"
    }
  },
  {
    "model": "posts.comment",
    "pk": 92,
    "fields": {
      "content": "Comment 98 by user12",
      "user": 14,
      "post": 13,
      "created_at": "2025-03-24T13:25:37.334690+00:00"
    }
  },
  {
    "model": "posts.comment",
    "pk": 93,
    "fields": {
      "content": "Comment 99 by user5",
      "user": 7,
      "post": 39,
      "created_at": "2025-03-24T13:25:37.342382+00:00"
    }
  },
  {
    "model": "posts.comment",
    "pk": 94,
    "fields": {
      "content": "Comment 100 by user0",
      "user": 2,
      "post": 18,
      "created_at": "2025-03-24T13:25:37.351350+00:00"
    }
  },
  {
    "model": "posts.like",
    "pk": 1,
    "fields": {
      "user": 10,
      "post": 48,
      "created_at": "2025-03-24T13:25:37.362438+00:00"
    }
  },
  {
    "model": "posts.like",
    "pk": 2,
    "fields": {
      "user": 11,
      "post": 22,
      "created_at": "2025-03-24T13:25:37.373557+00:00"
    }
  },
  {
    "model": "posts.like",
    "pk": 3,
    "fields": {
      "user": 2,
      "post": 17,
      "created_at": "2025-03-24T13:25:37.384653+00:00"
    }
  },
  {
    "model": "posts.like",
    "pk": 4,
    "fields": {
      "user": 15,
      "post": 7,
      "created_at": "2025-03-24T13:25:37.393701+00:00"
    }
  },
  {
    "model": "posts.like",
    "pk": 5,
    "fields": {
      "user": 13,
      "post": 49,
      "created_at": "2025-03-24T13:25:37.402487+00:00"
    }
  },
  {
    "model": "posts.like",
    "pk": 6,
    "fields": {
      "user": 8,
      "post": 8,
      "created_at": "2025-03-24T13:25:37.411894+00:00"
    }
  },
  {
    "model": "posts.like",
    "pk": 7,
    "fields": {
      "user": 2,
      "post": 44,
      "created_at": "2025-03-24T13:25:37.422176+00:00"
    }
  },
  {
    "model": "posts.like",
    "pk": 8,
    "fields": {
      "user": 7,
      "post": 48,
      "created_at": "2025-03-24T13:25:37.431690+00:00"
    }
  },
  {
    "model": "posts.like",
    "pk": 9,
    "fields": {
      "user": 6,
      "post": 2,
      "created_at": "2025-03-24T13:25:37.441812+00:00"
    }
  },
  {
    "model": "posts.like",
    "pk": 10,
    "fields": {
      "user": 4,
      "post": 24,
      "created_at": "2025-03-24T13:25:37.452707+00:00"
    }
  },
  {
    "model": "posts.like",
    "pk": 11,
    "fields": {
      "user": 21,
      "post": 50,
      "created_at": "2025-03-24T13:25:37.466756+00:00"
    }
  },
  {
    "model": "posts.like",
    "pk": 12,
    "fields": {
      "user": 15,
      "post": 35,
      "created_at": "2025-03-24T13:25:37.476718+00:00"
    }
  },
  {
    "model": "posts.like",
    "pk": 13,
    "fields": {
      "user": 18,
      "post": 40,
      "created_at": "2025-03-24T13:25:37.484690+00:00"
    }
  },
  {
    "model": "posts.like",
    "pk": 14,
    "fields": {
      "user": 9,
      "post": 11,
      "created_at": "2025-03-24T13:25:37.493409+00:00"
    }
  },
  {
    "model": "posts.like",
    "pk": 15,
    "fields": {
      "user": 2,
      "post": 1,
      "created_at": "2025-03-24T13:25:37.501761+00:00"
    }
  },
  {
    "model": "posts.like",
    "pk": 16,
    "fields": {
      "user": 5,
      "post": 29,
      "created_at": "2025-03-24T13:25:37.513218+00:00"
    }
  },
  {
    "model": "posts.like",
    "pk": 17,
    "fields": {
      "user": 10,
      "post": 5,
      "created_at": "2025-03-24T13:25:37.521853+00:00"
    }
  },
  {
    "model": "posts.like",
    "pk": 18,
    "fields": {
      "user": 2,
      "post": 9,
      "created_at": "2025-03-24T13:25:37.530565+00:00"
    }
  },
  {
    "model": "posts.like",
    "pk": 19,
    "fields": {
      "user": 15,
      "post": 12,
      "created_at": "2025-03-24T13:25:37.539358+00:00"
    }
  },
  {
    "model": "posts.like",
    "pk": 20,
    "fields": {
      "user": 10,
      "post": 9,
      "created_at": "2025-03-24T13:25:37.548065+00:00"
    }
  },
  {
    "model": "posts.like",
    "pk": 21,
    "fields": {
      "user": 20,
      "post": 5,
      "created_at": "2025-03-24T13:25:37.556782+00:00"
    }
  },
  {
    "model": "posts.like",
    "pk": 22,
    "fields": {
      "user": 19,
      "post": 7,
      "created_at": "2025-03-24T13:25:37.566054+00:00"
    }
  },
  {
    "model": "posts.like",
    "pk": 23,
    "fields": {
      "user": 8,
      "post": 6,
      "created_at": "2025-03-24T13:25:37.575713+00:00"
    }
  },
  {
    "model": "posts.like",
    "pk": 24,
    "fields": {
      "user": 4,
      "post": 34,
      "created_at": "2025-03-24T13:25:37.584167+00:00"
    }
  },
  {
    "model": "posts.like",
    "pk": 25,
    "fields": {
      "user": 8,
      "post": 19,
      "created_at": "2025-03-24T13:25:37.592098+00:00"
    }
  },
  {
    "model": "posts.like",
    "pk": 26,
    "fields": {
      "user": 11,
      "post": 18,
      "created_at": "2025-03-24T13:25:37.601302+00:00"
    }
  },
  {
    "model": "posts.like",
    "pk": 27,
    "fields": {
      "user": 20,
      "post": 46,
      "created_at": "2025-03-24T13:25:37.610049+00:00"
    }
  },
  {
    "model": "posts.like",
    "pk": 28,
    "fields": {
      "user": 3,
      "post": 22,
      "created_at": "2025-03-24T13:25:37.618541+00:00"
    }
  },
  {
    "model": "posts.like",
    "pk": 29,
    "fields": {
      "user": 16,
      "post": 42,
      "created_at": "2025-03-24T13:25:37.627642+00:00"
    }
  },
  {
    "model": "posts.like",
    "pk": 30,
    "fields": {
      "user": 21,
      "post": 39,
      "created_at": "2025-03-24T13:25:37.636267+00:00"
    }
  },
  {
    "model": "posts.like",
    "pk": 31,
    "fields": {
      "user": 16,
      "post": 19,
      "created_at": "2025-03-24T13:25:37.645202+00:00"
    }
  },
  {
    "model": "posts.like",
    "pk": 32,
    "fields": {
      "user": 8,
      "post": 29,
      "created_at": "2025-03-24T13:25:37.654922+00:00"
    }
  },
  {
    "model": "posts.like",
    "pk": 33,
    "fields": {
      "user": 4,
      "post": 3,
      "created_at": "2025-03-24T13:25:37.667997+00:00"
    }
  },
  {
    "model": "posts.like",
    "pk": 34,
    "fields": {
      "user": 15,
      "post": 40,
      "created_at": "2025-03-24T13:25:37.677006+00:00"
    }
  },
  {
    "model": "posts.like",
    "pk": 35,
    "fields": {
      "user": 14,
      "post": 24,
      "created_at": "2025-03-24T13:25:37.685428+00:00"
    }
  },
  {
    "model": "posts.like",
    "pk": 36,
    "fields": {
      "user": 19,
      "post": 46,
      "created_at": "2025-03-24T13:25:37.694829+00:00"
    }
  },
  {
    "model": "posts.like",
    "pk": 37,
    "fields": {
      "user": 3,
      "post": 50,
      "created_at": "2025-03-24T13:25:37.703388+00:00"
    }
  },
  {
    "model": "posts.like",
    "pk": 38,
    "fields": {
      "user": 12,
      "post": 18,
      "created_at": "2025-03-24T13:25:37.712858+00:00"
    }
  },
  {
    "model": "posts.like",
    "pk": 39,
    "fields": {
      "user": 10,
      "post": 27,
      "created_at": "2025-03-24T13:25:37.721668+00:00"
    }
  },
  {
    "model": "posts.like",
    "pk": 40,
    "fields": {
      "user": 16,
      "post": 11,
      "created_at": "2025-03-24T13:25:37.731440+00:00"
    }
  },
  {
    "model": "posts.like",
    "pk": 41,
    "fields": {
      "user": 15,
      "post": 2,
      "created_at": "2025-03-24T13:25:37.739827+00:00"
    }
  },
  {
    "model": "posts.like",
    "pk": 42,
    "fields": {
      "user": 2,
      "post": 30,
      "created_at": "2025-03-24T13:25:37.749268+00:00"
    }
  },
  {
    "model": "posts.like",
    "pk": 43,
    "fields": {
      "user": 18,
      "post": 50,
      "created_at": "2025-03-24T13:25:37.757445+00:00"
    }
  },
  {
    "model": "posts.like",
    "pk": 44,
    "fields": {
      "user": 9,
      "post": 46,
      "created_at": "2025-03-24T13:25:37.768507+00:00"
    }
  },
  {
    "model": "posts.like",
    "pk": 45,
    "fields": {
      "user": 9,
      "post": 35,
      "created_at": "2025-03-24T13:25:37.778267+00:00"
    }
  },
  {
    "model": "posts.like",
    "pk": 46,
    "fields": {
      "user": 18,
      "post": 8,
      "created_at": "2025-03-24T13:25:37.787314+00:00"
    }
  },
  {
    "model": "posts.like",
    "pk": 47,
    "fields": {
      "user": 15,
      "post": 24,
      "created_at": "2025-03-24T13:25:37.796967+00:00"
    }
  },
  {
    "model": "posts.like",
    "pk": 48,
    "fields": {
      "user": 10,
      "post": 3,
      "created_at": "2025-03-24T13:25:37.807087+00:00"
    }
  },
  {
    "model": "posts.like",
    "pk": 49,
    "fields": {
      "user": 5,
      "post": 31,
      "created_at": "2025-03-24T13:25:37.817459+00:00"
    }
  },
  {
    "model": "posts.like",
    "pk": 50,
    "fields": {
      "user": 21,
      "post": 1,
      "created_at": "2025-03-24T13:25:37.827471+00:00"
    }
  },
  {
    "model": "posts.like",
    "pk": 51,
    "fields": {
      "user": 8,
      "post": 11,
      "created_at": "2025-03-24T13:25:37.836766+00:00"
    }
  },
  {
    "model": "posts.like",
    "pk": 52,
    "fields": {
      "user": 13,
      "post": 6,
      "created_at": "2025-03-24T13:25:37.846660+00:00"
    }
  },
  {
    "model": "posts.like",
    "pk": 53,
    "fields": {
      "user": 5,
      "post": 19,
      "created_at": "2025-03-24T13:25:37.855212+00:00"
    }
  },
  {
    "model": "posts.like",
    "pk": 54,
    "fields": {
      "user": 15,
      "post": 14,
      "created_at": "2025-03-24T13:25:37.864062+00:00"
    }
  },
  {
    "model": "posts.like",
    "pk": 55,
    "fields": {
      "user": 14,
      "post": 25,
      "created_at": "2025-03-24T13:25:37.872589+00:00"
    }
  },
  {
    "model": "posts.like",
    "pk": 56,
    "fields": {
      "user": 3,
      "post": 27,
      "created_at": "2025-03-24T13:25:37.878377+00:00"
    }
  },
  {
    "model": "posts.like",
    "pk": 57,
    "fields": {
      "user": 15,
      "post": 21,
      "created_at": "2025-03-24T13:25:37.883958+00:00"
    }
  },
  {
    "model": "posts.like",
    "pk": 58,
    "fields": {
      "user": 13,
      "post": 9,
      "created_at": "2025-03-24T13:25:37.889295+00:00"
    }
  },
  {
    "model": "posts.like",
    "pk": 59,
    "fields": {
      "user": 21,
      "post": 4,
      "created_at": "2025-03-24T13:25:37.894562+00:00"
    }
  },
  {
    "model": "posts.like",
    "pk": 60,
    "fields": {
      "user": 14,
      "post": 20,
      "created_at": "2025-03-24T13:25:37.899793+00:00"
    }
  },
  {
    "model": "posts.like",
    "pk": 61,
    "fields": {
      "user": 9,
      "post": 16,
      "created_at": "2025-03-24T13:25:37.904799+00:00"
    }
  },
  {
    "model": "posts.like",
    "pk": 62,
    "fields": {
      "user": 14,
      "post": 46,
      "created_at": "2025-03-24T13:25:37.909869+00:00"
    }
  },
  {
    "model": "posts.like",
    "pk": 63,
    "fields": {
      "user": 7,
      "post": 16,
      "created_at": "2025-03-24T13:25:37.915402+00:00"
    }
  },
  {
    "model": "posts.like",
    "pk": 64,
    "fields": {
      "user": 11,
      "post": 36,
      "created_at": "2025-03-24T13:25:37.920577+00:00"
    }
  },
  {
    "model": "posts.like",
    "pk": 65,
    "fields": {
      "user": 15,
      "post": 13,
      "created_at": "2025-03-24T13:25:37.925581+00:00"
    }
  },
  {
    "model": "posts.like",
    "pk": 66,
    "fields": {
      "user": 11,
      "post": 8,
      "created_at": "2025-03-24T13:25:37.930666+00:00"
    }
  },
  {
    "model": "posts.like",
    "pk": 67,
    "fields": {
      "user": 12,
      "post": 28,
      "created_at": "2025-03-24T13:25:37.935601+00:00"
    }
  },
  {
    "model": "posts.like",
    "pk": 68,
    "fields": {
      "user": 10,
      "post": 42,
      "created_at": "2025-03-24T13:25:37.940752+00:00"
    }
  },
  {
    "model": "posts.like",
    "pk": 69,
    "fields": {
      "user": 2,
      "post": 4,
      "created_at": "2025-03-24T13:25:37.946105+00:00"
    }
  },
  {
    "model": "posts.like",
    "pk": 70,
    "fields": {
      "user": 8,
      "post": 35,
      "created_at": "2025-03-24T13:25:37.951437+00:00"
    }
  },
  {
    "model": "posts.like",
    "pk": 71,
    "fields": {
      "user": 16,
      "post": 2,
      "created_at": "2025-03-24T13:25:37.956397+00:00"
    }
  },
  {
    "model": "posts.like",
    "pk": 72,
    "fields": {
      "user": 19,
      "post": 21,
      "created_at": "2025-03-24T13:25:37.961380+00:00"
    }
  },
  {
    "model": "posts.like",
    "pk": 73,
    "fields": {
      "user": 17,
      "post": 49,
      "created_at": "2025-03-24T13:25:37.966426+00:00"
    }
  },
  {
    "model": "posts.like",
    "pk": 74,
    "fields": {
      "user": 20,
      "post": 43,
      "created_at": "2025-03-24T13:25:37.971520+00:00"
    }
  },
  {
    "model": "posts.like",
    "pk": 75,
    "fields": {
      "user": 14,
      "post": 49,
      "created_at": "2025-03-24T13:25:37.976888+00:00"
    }
  },
  {
    "model": "posts.like",
    "pk": 76,
    "fields": {
      "user": 14,
      "post": 47,
      "created_at": "2025-03-24T13:25:37.982219+00:00"
    }
  },
  {
    "model": "posts.like",
    "pk": 77,
    "fields": {
      "user": 14,
      "post": 48,
      "created_at": "2025-03-24T13:25:37.987366+00:00"
    }
  },
  {
    "model": "posts.like",
    "pk": 78,
    "fields": {
      "user": 4,
      "post": 14,
      "created_at": "2025-03-24T13:25:37.992513+00:00"
    }
  },
  {
    "model": "posts.like",
    "pk": 79,
    "fields": {
      "user": 16,
      "post": 31,
      "created_at": "2025-03-24T13:25:37.997531+00:00"
    }
  },
  {
    "model": "posts.like",
    "pk": 80,
    "fields": {
      "user": 2,
      "post": 47,
      "created_at": "2025-03-24T13:25:38.002514+00:00"
    }
  },
  {
    "model": "posts.like",
    "pk": 81,
    "fields": {
      "user": 18,
      "post": 16,
      "created_at": "2025-03-24T13:25:38.007595+00:00"
    }
  },
  {
    "model": "posts.like",
    "pk": 82,
    "fields": {
      "user": 5,
      "post": 41,
      "created_at": "2025-03-24T13:25:38.012833+00:00"
    }
  },
  {
    "model": "posts.like",
    "pk": 83,
    "fields": {
      "user": 14,
      "post": 12,
      "created_at": "2025-03-24T13:25:38.018022+00:00"
    }
  },
  {
    "model": "posts.like",
    "pk": 84,
    "fields": {
      "user": 15,
      "post": 16,
      "created_at": "2025-03-24T13:25:38.023103+00:00"
    }
  },
  {
    "model": "posts.like",
    "pk": 85,
    "fields": {
      "user": 14,
      "post": 13,
      "created_at": "2025-03-24T13:25:38.029396+00:00"
    }
  },
  {
    "model": "posts.like",
    "pk": 86,
    "fields": {
      "user": 13,
      "post": 5,
      "created_at": "2025-03-24T13:25:38.034482+00:00"
    }
  },
  {
    "model": "posts.like",
    "pk": 87,
    "fields": {
      "user": 16,
      "post": 23,
      "created_at": "2025-03-24T13:25:38.039593+00:00"
    }
  },
  {
    "model": "posts.like",
    "pk": 88,
    "fields": {
      "user": 20,
      "post": 1,
      "created_at": "2025-03-24T13:25:38.045071+00:00"
    }
  },
  {
    "model": "posts.like",
    "pk": 89,
    "fields": {
      "user": 14,
      "post": 29,
      "created_at": "2025-03-24T13:25:38.051129+00:00"
    }
  },
  {
    "model": "posts.like",
    "pk": 90,
    "fields": {
      "user": 14,
      "post": 1,
      "created_at": "2025-03-24T13:25:38.056150+00:00"
    }
  },
  {
    "model": "posts.like",
    "pk": 91,
    "fields": {
      "user": 13,
      "post": 15,
      "created_at": "2025-03-24T13:25:38.061308+00:00"
    }
  },
  {
    "model": "posts.like",
    "pk": 92,
    "fields": {
      "user": 6,
      "post": 44,
      "created_at": "2025-03-24T13:25:38.066253+00:00"
    }
  },
  {
    "model": "posts.like",
    "pk": 93,
    "fields": {
      "user": 3,
      "post": 40,
      "created_at": "2025-03-24T13:25:38.071176+00:00"
    }
  },
  {
    "model": "posts.like",
    "pk": 94,
    "fields": {
      "user": 4,
      "post": 48,
      "created_at": "2025-03-24T13:25:38.077236+00:00"
    }
  },
  {
    "model": "posts.like",
    "pk": 95,
    "fields": {
      "user": 8,
      "post": 4,
      "created_at": "2025-03-24T13:25:38.082228+00:00"
    }
  },
  {
    "model": "posts.like",
    "pk": 96,
    "fields": {
      "user": 12,
      "post": 36,
      "created_at": "2025-03-24T13:25:38.088299+00:00"
    }
  },
  {
    "model": "posts.like",
    "pk": 97,
    "fields": {
      "user": 4,
      "post": 9,
      "created_at": "2025-03-24T13:25:38.093229+00:00"
    }
  },
  {
    "model": "posts.like",
    "pk": 98,
    "fields": {
      "user": 14,
      "post": 2,
      "created_at": "2025-03-24T13:25:38.098162+00:00"
    }
  },
  {
    "model": "posts.like",
    "pk": 99,
    "fields": {
      "user": 12,
      "post": 14,
      "created_at": "2025-03-24T13:25:38.104065+00:00"
    }
  },
  {
    "model": "posts.like",
    "pk": 100,
    "fields": {
      "user": 8,
      "post": 13,
      "created_at": "2025-03-24T13:25:38.109902+00:00"
    }
  },
  {
    "model": "posts.like",
    "pk": 101,
    "fields": {
      "user": 2,
      "post": 37,
      "created_at": "2025-03-24T13:25:38.114896+00:00"
    }
  },
  {
    "model": "posts.like",
    "pk": 102,
    "fields": {
      "user": 17,
      "post": 43,
      "created_at": "2025-03-24T13:25:38.122174+00:00"
    }
  },
  {
    "model": "posts.like",
    "pk": 103,
    "fields": {
      "user": 5,
      "post": 22,
      "created_at": "2025-03-24T13:25:38.127051+00:00"
    }
  },
  {
    "model": "posts.like",
    "pk": 104,
    "fields": {
      "user": 7,
      "post": 2,
      "created_at": "2025-03-24T13:25:38.132090+00:00"
    }
  },
  {
    "model": "posts.like",
    "pk": 105,
    "fields": {
      "user": 20,
      "post": 2,
      "created_at": "2025-03-24T13:25:38.136946+00:00"
    }
  },
  {
    "model": "posts.like",
    "pk": 106,
    "fields": {
      "user": 18,
      "post": 10,
      "created_at": "2025-03-24T13:25:38.141929+00:00"
    }
  },
  {
    "model": "posts.like",
    "pk": 107,
    "fields": {
      "user": 8,
      "post": 36,
      "created_at": "2025-03-24T13:25:38.148121+00:00"
    }
  },
  {
    "model": "posts.like",
    "pk": 108,
    "fields": {
      "user": 10,
      "post": 22,
      "created_at": "2025-03-24T13:25:38.153017+00:00"
    }
  },
  {
    "model": "posts.like",
    "pk": 109,
    "fields": {
      "user": 14,
      "post": 31,
      "created_at": "2025-03-24T13:25:38.160255+00:00"
    }
  },
  {
    "model": "posts.like",
    "pk": 110,
    "fields": {
      "user": 5,
      "post": 39,
      "created_at": "2025-03-24T13:25:38.165214+00:00"
    }
  },
  {
    "model": "posts.like",
    "pk": 111,
    "fields": {
      "user": 7,
      "post": 18,
      "created_at": "2025-03-24T13:25:38.170035+00:00"
    }
  },
  {
    "model": "posts.like",
    "pk": 112,
    "fields": {
      "user": 18,
      "post": 11,
      "created_at": "2025-03-24T13:25:38.176088+00:00"
    }
  },
  {
    "model": "posts.like",
    "pk": 113,
    "fields": {
      "user": 10,
      "post": 15,
      "created_at": "2025-03-24T13:25:38.180893+00:00"
    }
  },
  {
    "model": "posts.like",
    "pk": 114,
    "fields": {
      "user": 11,
      "post": 50,
      "created_at": "2025-03-24T13:25:38.186224+00:00"
    }
  },
  {
    "model": "posts.like",
    "pk": 115,
    "fields": {
      "user": 11,
      "post": 7,
      "created_at": "2025-03-24T13:25:38.191187+00:00"
    }
  },
  {
    "model": "posts.like",
    "pk": 116,
    "fields": {
      "user": 16,
      "post": 43,
      "created_at": "2025-03-24T13:25:38.196061+00:00"
    }
  },
  {
    "model": "posts.like",
    "pk": 117,
    "fields": {
      "user": 12,
      "post": 16,
      "created_at": "2025-03-24T13:25:38.200893+00:00"
    }
  },
  {
    "model": "posts.like",
    "pk": 118,
    "fields": {
      "user": 20,
      "post": 37,
      "created_at": "2025-03-24T13:25:38.206884+00:00"
    }
  },
  {
    "model": "posts.like",
    "pk": 119,
    "fields": {
      "user": 11,
      "post": 35,
      "created_at": "2025-03-24T13:25:38.211670+00:00"
    }
  },
  {
    "model": "posts.like",
    "pk": 120,
    "fields": {
      "user": 10,
      "post": 6,
      "created_at": "2025-03-24T13:25:38.217918+00:00"
    }
  },
  {
    "model": "posts.like",
    "pk": 121,
    "fields": {
      "user": 8,
      "post": 48,
      "created_at": "2025-03-24T13:25:38.222832+00:00"
    }
  },
  {
    "model": "posts.like",
    "pk": 122,
    "fields": {
      "user": 21,
      "post": 22,
      "created_at": "2025-03-24T13:25:38.227592+00:00"
    }
  },
  {
    "model": "posts.like",
    "pk": 123,
    "fields": {
      "user": 6,
      "post": 9,
      "created_at": "2025-03-24T13:25:38.232458+00:00"
    }
  },
  {
    "model": "posts.like",
    "pk": 124,
    "fields": {
      "user": 9,
      "post": 27,
      "created_at": "2025-03-24T13:25:38.237531+00:00"
    }
  },
  {
    "model": "posts.like",
    "pk": 125,
    "fields": {
      "user": 17,
      "post": 29,
      "created_at": "2025-03-24T13:25:38.242263+00:00"
    }
  },
  {
    "model": "posts.like",
    "pk": 126,
    "fields": {
      "user": 21,
      "post": 31,
      "created_at": "2025-03-24T13:25:38.247141+00:00"
    }
  },
  {
    "model": "posts.like",
    "pk": 127,
    "fields": {
      "user": 7,
      "post": 26,
      "created_at": "2025-03-24T13:25:38.253418+00:00"
    }
  },
  {
    "model": "posts.like",
    "pk": 128,
    "fields": {
      "user": 9,
      "post": 26,
      "created_at": "2025-03-24T13:25:38.259219+00:00"
    }
  },
  {
    "model": "posts.like",
    "pk": 129,
    "fields": {
      "user": 9,
      "post": 1,
      "created_at": "2025-03-24T13:25:38.263989+00:00"
    }
  },
  {
    "model": "posts.like",
    "pk": 130,
    "fields": {
      "user": 5,
      "post": 14,
      "created_at": "2025-03-24T13:25:38.268800+00:00"
    }
  },
  {
    "model": "posts.like",
    "pk": 131,
    "fields": {
      "user": 10,
      "post": 2,
      "created_at": "2025-03-24T13:25:38.273536+00:00"
    }
  },
  {
    "model": "posts.like",
    "pk": 132,
    "fields": {
      "user": 9,
      "post": 31,
      "created_at": "2025-03-24T13:25:38.278294+00:00"
    }
  },
  {
    "model": "posts.like",
    "pk": 133,
    "fields": {
      "user": 16,
      "post": 32,
      "created_at": "2025-03-24T13:25:38.283051+00:00"
    }
  },
  {
    "model": "posts.like",
    "pk": 134,
    "fields": {
      "user": 21,
      "post": 18,
      "created_at": "2025-03-24T13:25:38.288031+00:00"
    }
  },
  {
    "model": "posts.like",
    "pk": 135,
    "fields": {
      "user": 20,
      "post": 40,
      "created_at": "2025-03-24T13:25:38.293968+00:00"
    }
  },
  {
    "model": "posts.like",
    "pk": 136,
    "fields": {
      "user": 3,
      "post": 30,
      "created_at": "2025-03-24T13:25:38.298700+00:00"
    }
  },
  {
    "model": "posts.like",
    "pk": 137,
    "fields": {
      "user": 8,
      "post": 14,
      "created_at": "2025-03-24T13:25:38.305636+00:00"
    }
  },
  {
    "model": "posts.like",
    "pk": 138,
    "fields": {
      "user": 6,
      "post": 29,
      "created_at": "2025-03-24T13:25:38.310652+00:00"
    }
  },
  {
    "model": "posts.like",
    "pk": 139,
    "fields": {
      "user": 19,
      "post": 27,
      "created_at": "2025-03-24T13:25:38.315215+00:00"
    }
  },
  {
    "model": "posts.like",
    "pk": 140,
    "fields": {
      "user": 2,
      "post": 5,
      "created_at": "2025-03-24T13:25:38.319833+00:00"
    }
  },
  {
    "model": "posts.like",
    "pk": 141,
    "fields": {
      "user": 9,
      "post": 24,
      "created_at": "2025-03-24T13:25:38.324419+00:00"
    }
  },
  {
    "model": "posts.like",
    "pk": 142,
    "fields": {
      "user": 16,
      "post": 25,
      "created_at": "2025-03-24T13:25:38.329048+00:00"
    }
  },
  {
    "model": "posts.like",
    "pk": 143,
    "fields": {
      "user": 3,
      "post": 13,
      "created_at": "2025-03-24T13:25:38.336136+00:00"
    }
  },
  {
    "model": "posts.like",
    "pk": 144,
    "fields": {
      "user": 19,
      "post": 42,
      "created_at": "2025-03-24T13:25:38.340981+00:00"
    }
  },
  {
    "model": "posts.like",
    "pk": 145,
    "fields": {
      "user": 17,
      "post": 25,
      "created_at": "2025-03-24T13:25:38.345580+00:00"
    }
  },
  {
    "model": "posts.like",
    "pk": 146,
    "fields": {
      "user": 6,
      "post": 30,
      "created_at": "2025-03-24T13:25:38.350218+00:00"
    }
  },
  {
    "model": "posts.like",
    "pk": 147,
    "fields": {
      "user": 16,
      "post": 35,
      "created_at": "2025-03-24T13:25:38.354897+00:00"
    }
  },
  {
    "model": "posts.like",
    "pk": 148,
    "fields": {
      "user": 13,
      "post": 10,
      "created_at": "2025-03-24T13:25:38.360704+00:00"
    }
  },
  {
    "model": "posts.like",
    "pk": 149,
    "fields": {
      "user": 3,
      "post": 43,
      "created_at": "2025-03-24T13:25:38.365382+00:00"
    }
  },
  {
    "model": "posts.like",
    "pk": 150,
    "fields": {
      "user": 3,
      "post": 10,
      "created_at": "2025-03-24T13:25:38.370425+00:00"
    }
  },
  {
    "model": "posts.like",
    "pk": 151,
    "fields": {
      "user": 7,
      "post": 24,
      "created_at": "2025-03-24T13:25:38.375141+00:00"
    }
  },
  {
    "model": "posts.like",
    "pk": 152,
    "fields": {
      "user": 2,
      "post": 11,
      "created_at": "2025-03-24T13:25:38.379811+00:00"
    }
  },
  {
    "model": "posts.like",
    "pk": 153,
    "fields": {
      "user": 15,
      "post": 39,
      "created_at": "2025-03-24T13:25:38.384433+00:00"
    }
  },
  {
    "model": "posts.like",
    "pk": 154,
    "fields": {
      "user": 5,
      "post": 40,
      "created_at": "2025-03-24T13:25:38.389065+00:00"
    }
  },
  {
    "model": "posts.like",
    "pk": 155,
    "fields": {
      "user": 14,
      "post": 5,
      "created_at": "2025-03-24T13:25:38.394849+00:00"
    }
  },
  {
    "model": "posts.like",
    "pk": 156,
    "fields": {
      "user": 20,
      "post": 22,
      "created_at": "2025-03-24T13:25:38.399787+00:00"
    }
  },
  {
    "model": "posts.like",
    "pk": 157,
    "fields": {
      "user": 4,
      "post": 7,
      "created_at": "2025-03-24T13:25:38.406667+00:00"
    }
  },
  {
    "model": "posts.like",
    "pk": 158,
    "fields": {
      "user": 21,
      "post": 27,
      "created_at": "2025-03-24T13:25:38.411840+00:00"
    }
  },
  {
    "model": "posts.like",
    "pk": 159,
    "fields": {
      "user": 7,
      "post": 46,
      "created_at": "2025-03-24T13:25:38.417975+00:00"
    }
  },
  {
    "model": "posts.like",
    "pk": 160,
    "fields": {
      "user": 10,
      "post": 20,
      "created_at": "2025-03-24T13:25:38.423465+00:00"
    }
  },
  {
    "model": "posts.like",
    "pk": 161,
    "fields": {
      "user": 17,
      "post": 28,
      "created_at": "2025-03-24T13:25:38.429346+00:00"
    }
  },
  {
    "model": "posts.like",
    "pk": 162,
    "fields": {
      "user": 21,
      "post": 21,
      "created_at": "2025-03-24T13:25:38.434291+00:00"
    }
  },
  {
    "model": "posts.like",
    "pk": 163,
    "fields": {
      "user": 5,
      "post": 49,
      "created_at": "2025-03-24T13:25:38.439046+00:00"
    }
  },
  {
    "model": "posts.like",
    "pk": 164,
    "fields": {
      "user": 17,
      "post": 40,
      "created_at": "2025-03-24T13:25:38.444804+00:00"
    }
  },
  {
    "model": "posts.like",
    "pk": 165,
    "fields": {
      "user": 12,
      "post": 20,
      "created_at": "2025-03-24T13:25:38.449273+00:00"
    }
  },
  {
    "model": "posts.like",
    "pk": 166,
    "fields": {
      "user": 19,
      "post": 49,
      "created_at": "2025-03-24T13:25:38.455076+00:00"
    }
  },
  {
    "model": "posts.like",
    "pk": 167,
    "fields": {
      "user": 12,
      "post": 22,
      "created_at": "2025-03-24T13:25:38.461066+00:00"
    }
  },
  {
    "model": "posts.like",
    "pk": 168,
    "fields": {
      "user": 21,
      "post": 16,
      "created_at": "2025-03-24T13:25:38.467141+00:00"
    }
  },
  {
    "model": "posts.like",
    "pk": 169,
    "fields": {
      "user": 4,
      "post": 36,
      "created_at": "2025-03-24T13:25:38.471600+00:00"
    }
  },
  {
    "model": "posts.like",
    "pk": 170,
    "fields": {
      "user": 19,
      "post": 38,
      "created_at": "2025-03-24T13:25:38.476020+00:00"
    }
  },
  {
    "model": "posts.like",
    "pk": 171,
    "fields": {
      "user": 18,
      "post": 37,
      "created_at": "2025-03-24T13:25:38.480506+00:00"
    }
  },
  {
    "model": "posts.like",
    "pk": 172,
    "fields": {
      "user": 18,
      "post": 13,
      "created_at": "2025-03-24T13:25:38.486182+00:00"
    }
  },
  {
    "model": "posts.like",
    "pk": 173,
    "fields": {
      "user": 4,
      "post": 35,
      "created_at": "2025-03-24T13:25:38.492023+00:00"
    }
  },
  {
    "model": "posts.like",
    "pk": 174,
    "fields": {
      "user": 20,
      "post": 11,
      "created_at": "2025-03-24T13:25:38.496795+00:00"
    }
  },
  {
    "model": "posts.like",
    "pk": 175,
    "fields": {
      "user": 15,
      "post": 37,
      "created_at": "2025-03-24T13:25:38.509865+00:00"
    }
  },
  {
    "model": "posts.like",
    "pk": 176,
    "fields": {
      "user": 5,
      "post": 24,
      "created_at": "2025-03-24T13:25:38.591868+00:00"
    }
  },
  {
    "model": "posts.like",
    "pk": 177,
    "fields": {
      "user": 11,
      "post": 2,
      "created_at": "2025-03-24T13:25:38.617767+00:00"
    }
  },
  {
    "model": "posts.like",
    "pk": 178,
    "fields": {
      "user": 11,
      "post": 47,
      "created_at": "2025-03-24T13:25:38.627550+00:00"
    }
  },
  {
    "model": "posts.like",
    "pk": 179,
    "fields": {
      "user": 20,
      "post": 21,
      "created_at": "2025-03-24T13:25:38.637752+00:00"
    }
  },
  {
    "model": "posts.like",
    "pk": 180,
    "fields": {
      "user": 19,
      "post": 39,
      "created_at": "2025-03-24T13:25:38.645337+00:00"
    }
  },
  {
    "model": "posts.like",
    "pk": 181,
    "fields": {
      "user": 2,
      "post": 22,
      "created_at": "2025-03-24T13:25:38.650877+00:00"
    }
  },
  {
    "model": "posts.like",
    "pk": 182,
    "fields": {
      "user": 18,
      "post": 7,
      "created_at": "2025-03-24T13:25:38.656374+00:00"
    }
  },
  {
    "model": "posts.like",
    "pk": 183,
    "fields": {
      "user": 21,
      "post": 26,
      "created_at": "2025-03-24T13:25:38.662676+00:00"
    }
  },
  {
    "model": "posts.like",
    "pk": 184,
    "fields": {
      "user": 8,
      "post": 28,
      "created_at": "2025-03-24T13:25:38.668257+00:00"
    }
  },
  {
    "model": "posts.like",
    "pk": 185,
    "fields": {
      "user": 20,
      "post": 20,
      "created_at": "2025-03-24T13:25:38.673411+00:00"
    }
  },
  {
    "model": "posts.like",
    "pk": 186,
    "fields": {
      "user": 7,
      "post": 15,
      "created_at": "2025-03-24T13:25:38.679642+00:00"
    }
  },
  {
    "model": "posts.like",
    "pk": 187,
    "fields": {
      "user": 13,
      "post": 45,
      "created_at": "2025-03-24T13:25:38.685215+00:00"
    }
  },
  {
    "model": "posts.like",
    "pk": 188,
    "fields": {
      "user": 11,
      "post": 39,
      "created_at": "2025-03-24T13:25:38.689749+00:00"
    }
  },
  {
    "model": "posts.like",
    "pk": 189,
    "fields": {
      "user": 4,
      "post": 46,
      "created_at": "2025-03-24T13:25:38.694170+00:00"
    }
  },
  {
    "model": "posts.like",
    "pk": 190,
    "fields": {
      "user": 3,
      "post": 28,
      "created_at": "2025-03-24T13:25:38.698485+00:00"
    }
  },
  {
    "model": "posts.like",
    "pk": 191,
    "fields": {
      "user": 2,
      "post": 31,
      "created_at": "2025-03-24T13:25:38.702737+00:00"
    }
  },
  {
    "model": "posts.like",
    "pk": 192,
    "fields": {
      "user": 19,
      "post": 4,
      "created_at": "2025-03-24T13:25:38.708289+00:00"
    }
  },
  {
    "model": "posts.like",
    "pk": 193,
    "fields": {
      "user": 11,
      "post": 23,
      "created_at": "2025-03-24T13:25:38.712699+00:00"
    }
  },
  {
    "model": "posts.like",
    "pk": 194,
    "fields": {
      "user": 21,
      "post": 38,
      "created_at": "2025-03-24T13:25:38.718010+00:00"
    }
  },
  {
    "model": "posts.like",
    "pk": 195,
    "fields": {
      "user": 17,
      "post": 33,
      "created_at": "2025-03-24T13:25:38.722221+00:00"
    }
  },
  {
    "model": "posts.like",
    "pk": 196,
    "fields": {
      "user": 7,
      "post": 39,
      "created_at": "2025-03-24T13:25:38.726452+00:00"
    }
  },
  {
    "model": "posts.like",
    "pk": 197,
    "fields": {
      "user": 13,
      "post": 7,
      "created_at": "2025-03-24T13:25:38.730791+00:00"
    }
  },
  {
    "model": "posts.like",
    "pk": 198,
    "fields": {
      "user": 5,
      "post": 15,
      "created_at": "2025-03-24T13:25:38.735059+00:00"
    }
  },
  {
    "model": "posts.like",
    "pk": 199,
    "fields": {
      "user": 21,
      "post": 2,
      "created_at": "2025-03-24T13:25:38.739312+00:00"
    }
  },
  {
    "model": "posts.like",
    "pk": 200,
    "fields": {
      "user": 11,
      "post": 44,
      "created_at": "2025-03-24T13:25:38.743539+00:00"
    }
  },
  {
    "model": "posts.follow",
    "pk": 1,
    "fields": {
      "follower": 2,
      "following": 13,
      "created_at": "2025-03-24T13:25:38.748053+00:00"
    }
  },
  {
    "model": "posts.follow",
    "pk": 2,
    "fields": {
      "follower": 4,
      "following": 12,
      "created_at": "2025-03-24T13:25:38.752782+00:00"
    }
  },
  {
    "model": "posts.follow",
    "pk": 3,
    "fields": {
      "follower": 21,
      "following": 15,
      "created_at": "2025-03-24T13:25:38.757191+00:00"
    }
  },
  {
    "model": "posts.follow",
    "pk": 4,
    "fields": {
      "follower": 17,
      "following": 21,
      "created_at": "2025-03-24T13:25:38.761516+00:00"
    }
  },
  {
    "model": "posts.follow",
    "pk": 5,
    "fields": {
      "follower": 19,
      "following": 6,
      "created_at": "2025-03-24T13:25:38.766081+00:00"
    }
  },
  {
    "model": "posts.follow",
    "pk": 6,
    "fields": {
      "follower": 11,
      "following": 20,
      "created_at": "2025-03-24T13:25:38.770394+00:00"
    }
  },
  {
    "model": "posts.follow",
    "pk": 7,
    "fields": {
      "follower": 14,
      "following": 16,
      "created_at": "2025-03-24T13:25:38.774770+00:00"
    }
  },
  {
    "model": "posts.follow",
    "pk": 8,
    "fields": {
      "follower": 7,
      "following": 19,
      "created_at": "2025-03-24T13:25:38.779055+00:00"
    }
  },
  {
    "model": "posts.follow",
    "pk": 9,
    "fields": {
      "follower": 17,
      "following": 14,
      "created_at": "2025-03-24T13:25:38.783268+00:00"
    }
  },
  {
    "model": "posts.follow",
    "pk": 10,
    "fields": {
      "follower": 18,
      "following": 5,
      "created_at": "2025-03-24T13:25:38.787490+00:00"
    }
  },
  {
    "model": "posts.follow",
    "pk": 11,
    "fields": {
      "follower": 8,
      "following": 2,
      "created_at": "2025-03-24T13:25:38.792246+00:00"
    }
  },
  {
    "model": "posts.follow",
    "pk": 12,
    "fields": {
      "follower": 6,
      "following": 5,
      "created_at": "2025-03-24T13:25:38.796796+00:00"
    }
  },
  {
    "model": "posts.follow",
    "pk": 13,
    "fields": {
      "follower": 3,
      "following": 8,
      "created_at": "2025-03-24T13:25:38.801370+00:00"
    }
  },
  {
    "model": "posts.follow",
    "pk": 14,
    "fields": {
      "follower": 15,
      "following": 17,
      "created_at": "2025-03-24T13:25:38.806255+00:00"
    }
  },
  {
    "model": "posts.follow",
    "pk": 15,
    "fields": {
      "follower": 18,
      "following": 9,
      "created_at": "2025-03-24T13:25:38.810576+00:00"
    }
  },
  {
    "model": "posts.follow",
    "pk": 16,
    "fields": {
      "follower": 11,
      "following": 7,
      "created_at": "2025-03-24T13:25:38.815263+00:00"
    }
  },
  {
    "model": "posts.follow",
    "pk": 17,
    "fields": {
      "follower": 19,
      "following": 13,
      "created_at": "2025-03-24T13:25:38.820060+00:00"
    }
  },
  {
    "model": "posts.follow",
    "pk": 18,
    "fields": {
      "follower": 15,
      "following": 6,
      "created_at": "2025-03-24T13:25:38.826127+00:00"
    }
  },
  {
    "model": "posts.follow",
    "pk": 19,
    "fields": {
      "follower": 13,
      "following": 2,
      "created_at": "2025-03-24T13:25:38.830771+00:00"
    }
  },
  {
    "model": "posts.follow",
    "pk": 20,
    "fields": {
      "follower": 11,
      "following": 19,
      "created_at": "2025-03-24T13:25:38.836062+00:00"
    }
  },
  {
    "model": "posts.follow",
    "pk": 21,
    "fields": {
      "follower": 16,
      "following": 3,
      "created_at": "2025-03-24T13:25:38.841034+00:00"
    }
  },
  {
    "model": "posts.follow",
    "pk": 22,
    "fields": {
      "follower": 12,
      "following": 7,
      "created_at": "2025-03-24T13:25:38.845915+00:00"
    }
  },
  {
    "model": "posts.follow",
    "pk": 23,
    "fields": {
      "follower": 5,
      "following": 16,
      "created_at": "2025-03-24T13:25:38.850486+00:00"
    }
  },
  {
    "model": "posts.follow",
    "pk": 24,
    "fields": {
      "follower": 11,
      "following": 5,
      "created_at": "2025-03-24T13:25:38.856183+00:00"
    }
  },
  {
    "model": "posts.follow",
    "pk": 25,
    "fields": {
      "follower": 9,
      "following": 14,
      "created_at": "2025-03-24T13:25:38.860962+00:00"
    }
  },
  {
    "model": "posts.follow",
    "pk": 26,
    "fields": {
      "follower": 17,
      "following": 18,
      "created_at": "2025-03-24T13:25:38.865427+00:00"
    }
  },
  {
    "model": "posts.follow",
    "pk": 27,
    "fields": {
      "follower": 20,
      "following": 3,
      "created_at": "2025-03-24T13:25:38.870014+00:00"
    }
  },
  {
    "model": "posts.follow",
    "pk": 28,
    "fields": {
      "follower": 17,
      "following": 15,
      "created_at": "2025-03-24T13:25:38.874512+00:00"
    }
  },
  {
    "model": "posts.follow",
    "pk": 29,
    "fields": {
      "follower": 21,
      "following": 9,
      "created_at": "2025-03-24T13:25:38.880058+00:00"
    }
  },
  {
    "model": "posts.follow",
    "pk": 30,
    "fields": {
      "follower": 8,
      "following": 6,
      "created_at": "2025-03-24T13:25:38.884501+00:00"
    }
  },
  {
    "model": "posts.follow",
    "pk": 31,
    "fields": {
      "follower": 4,
      "following": 21,
      "created_at": "2025-03-24T13:25:38.888979+00:00"
    }
  },
  {
    "model": "posts.follow",
    "pk": 32,
    "fields": {
      "follower": 12,
      "following": 13,
      "created_at": "2025-03-24T13:25:38.893370+00:00"
    }
  },
  {
    "model": "posts.follow",
    "pk": 33,
    "fields": {
      "follower": 6,
      "following": 20,
      "created_at": "2025-03-24T13:25:38.898227+00:00"
    }
  },
  {
    "model": "posts.follow",
    "pk": 34,
    "fields": {
      "follower": 21,
      "following": 19,
      "created_at": "2025-03-24T13:25:38.902749+00:00"
    }
  },
  {
    "model": "posts.follow",
    "pk": 35,
    "fields": {
      "follower": 5,
      "following": 8,
      "created_at": "2025-03-24T13:25:38.907130+00:00"
    }
  },
  {
    "model": "posts.follow",
    "pk": 36,
    "fields": {
      "follower": 8,
      "following": 13,
      "created_at": "2025-03-24T13:25:38.911625+00:00"
    }
  },
  {
    "model": "posts.follow",
    "pk": 37,
    "fields": {
      "follower": 18,
      "following": 16,
      "created_at": "2025-03-24T13:25:38.916555+00:00"
    }
  },
  {
    "model": "posts.follow",
    "pk": 38,
    "fields": {
      "follower": 5,
      "following": 2,
      "created_at": "2025-03-24T13:25:38.921532+00:00"
    }
  },
  {
    "model": "posts.follow",
    "pk": 39,
    "fields": {
      "follower": 15,
      "following": 21,
      "created_at": "2025-03-24T13:25:38.926240+00:00"
    }
  },
  {
    "model": "posts.follow",
    "pk": 40,
    "fields": {
      "follower": 8,
      "following": 18,
      "created_at": "2025-03-24T13:25:38.930868+00:00"
    }
  },
  {
    "model": "posts.follow",
    "pk": 41,
    "fields": {
      "follower": 20,
      "following": 4,
      "created_at": "2025-03-24T13:25:38.935288+00:00"
    }
  },
  {
    "model": "posts.follow",
    "pk": 42,
    "fields": {
      "follower": 9,
      "following": 19,
      "created_at": "2025-03-24T13:25:38.939815+00:00"
    }
  },
  {
    "model": "posts.follow",
    "pk": 43,
    "fields": {
      "follower": 19,
      "following": 14,
      "created_at": "2025-03-24T13:25:38.944306+00:00"
    }
  },
  {
    "model": "posts.follow",
    "pk": 44,
    "fields": {
      "follower": 18,
      "following": 12,
      "created_at": "2025-03-24T13:25:38.948829+00:00"
    }
  },
  {
    "model": "posts.follow",
    "pk": 45,
    "fields": {
      "follower": 21,
      "following": 4,
      "created_at": "2025-03-24T13:25:38.953307+00:00"
    }
  },
  {
    "model": "posts.follow",
    "pk": 46,
    "fields": {
      "follower": 2,
      "following": 10,
      "created_at": "2025-03-24T13:25:38.957754+00:00"
    }
  },
  {
    "model": "posts.follow",
    "pk": 47,
    "fields": {
      "follower": 18,
      "following": 2,
      "created_at": "2025-03-24T13:25:38.962164+00:00"
    }
  },
  {
    "model": "posts.follow",
    "pk": 48,
    "fields": {
      "follower": 15,
      "following": 13,
      "created_at": "2025-03-24T13:25:38.966726+00:00"
    }
  },
  {
    "model": "posts.follow",
    "pk": 49,
    "fields": {
      "follower": 8,
      "following": 7,
      "created_at": "2025-03-24T13:25:38.971432+00:00"
    }
  },
  {
    "model": "posts.follow",
    "pk": 50,
    "fields": {
      "follower": 13,
      "following": 18,
      "created_at": "2025-03-24T13:25:38.976149+00:00"
    }
  },
  {
    "model": "posts.follow",
    "pk": 51,
    "fields": {
      "follower": 7,
      "following": 20,
      "created_at": "2025-03-24T13:25:38.980709+00:00"
    }
  },
  {
    "model": "posts.follow",
    "pk": 52,
    "fields": {
      "follower": 13,
      "following": 5,
      "created_at": "2025-03-24T13:25:38.985151+00:00"
    }
  },
  {
    "model": "posts.follow",
    "pk": 53,
    "fields": {
      "follower": 3,
      "following": 20,
      "created_at": "2025-03-24T13:25:38.989628+00:00"
    }
  },
  {
    "model": "posts.follow",
    "pk": 54,
    "fields": {
      "follower": 2,
      "following": 21,
      "created_at": "2025-03-24T13:25:38.994087+00:00"
    }
  },
  {
    "model": "posts.follow",
    "pk": 55,
    "fields": {
      "follower": 17,
      "following": 20,
      "created_at": "2025-03-24T13:25:38.999895+00:00"
    }
  },
  {
    "model": "posts.follow",
    "pk": 56,
    "fields": {
      "follower": 9,
      "following": 20,
      "created_at": "2025-03-24T13:25:39.004370+00:00"
    }
  },
  {
    "model": "posts.follow",
    "pk": 57,
    "fields": {
      "follower": 11,
      "following": 17,
      "created_at": "2025-03-24T13:25:39.009079+00:00"
    }
  },
  {
    "model": "posts.follow",
    "pk": 58,
    "fields": {
      "follower": 6,
      "following": 11,
      "created_at": "2025-03-24T13:25:39.013551+00:00"
    }
  },
  {
    "model": "posts.follow",
    "pk": 59,
    "fields": {
      "follower": 6,
      "following": 10,
      "created_at": "2025-03-24T13:25:39.018059+00:00"
    }
  },
  {
    "model": "posts.follow",
    "pk": 60,
    "fields": {
      "follower": 2,
      "following": 12,
      "created_at": "2025-03-24T13:25:39.022642+00:00"
    }
  },
  {
    "model": "posts.follow",
    "pk": 61,
    "fields": {
      "follower": 19,
      "following": 16,
      "created_at": "2025-03-24T13:25:39.028315+00:00"
    }
  },
  {
    "model": "posts.follow",
    "pk": 62,
    "fields": {
      "follower": 11,
      "following": 13,
      "created_at": "2025-03-24T13:25:39.035153+00:00"
    }
  },
  {
    "model": "posts.follow",
    "pk": 63,
    "fields": {
      "follower": 13,
      "following": 16,
      "created_at": "2025-03-24T13:25:39.039634+00:00"
    }
  },
  {
    "model": "posts.follow",
    "pk": 64,
    "fields": {
      "follower": 10,
      "following": 4,
      "created_at": "2025-03-24T13:25:39.044102+00:00"
    }
  },
  {
    "model": "posts.follow",
    "pk": 65,
    "fields": {
      "follower": 6,
      "following": 4,
      "created_at": "2025-03-24T13:25:39.048563+00:00"
    }
  },
  {
    "model": "posts.follow",
    "pk": 66,
    "fields": {
      "follower": 2,
      "following": 17,
      "created_at": "2025-03-24T13:25:39.054122+00:00"
    }
  },
  {
    "model": "posts.follow",
    "pk": 67,
    "fields": {
      "follower": 6,
      "following": 16,
      "created_at": "2025-03-24T13:25:39.058681+00:00"
    }
  },
  {
    "model": "posts.follow",
    "pk": 68,
    "fields": {
      "follower": 15,
      "following": 9,
      "created_at": "2025-03-24T13:25:39.063143+00:00"
    }
  },
  {
    "model": "posts.follow",
    "pk": 69,
    "fields": {
      "follower": 8,
      "following": 11,
      "created_at": "2025-03-24T13:25:39.067639+00:00"
    }
  },
  {
    "model": "posts.follow",
    "pk": 70,
    "fields": {
      "follower": 14,
      "following": 7,
      "created_at": "2025-03-24T13:25:39.073125+00:00"
    }
  },
  {
    "model": "posts.follow",
    "pk": 71,
    "fields": {
      "follower": 6,
      "following": 14,
      "created_at": "2025-03-24T13:25:39.077741+00:00"
    }
  },
  {
    "model": "posts.follow",
    "pk": 72,
    "fields": {
      "follower": 5,
      "following": 21,
      "created_at": "2025-03-24T13:25:39.082223+00:00"
    }
  },
  {
    "model": "posts.follow",
    "pk": 73,
    "fields": {
      "follower": 12,
      "following": 19,
      "created_at": "2025-03-24T13:25:39.086850+00:00"
    }
  },
  {
    "model": "posts.follow",
    "pk": 74,
    "fields": {
      "follower": 9,
      "following": 11,
      "created_at": "2025-03-24T13:25:39.091357+00:00"
    }
  },
  {
    "model": "posts.follow",
    "pk": 75,
    "fields": {
      "follower": 3,
      "following": 11,
      "created_at": "2025-03-24T13:25:39.096057+00:00"
    }
  },
  {
    "model": "posts.follow",
    "pk": 76,
    "fields": {
      "follower": 6,
      "following": 21,
      "created_at": "2025-03-24T13:25:39.100564+00:00"
    }
  },
  {
    "model": "posts.follow",
    "pk": 77,
    "fields": {
      "follower": 8,
      "following": 19,
      "created_at": "2025-03-24T13:25:39.105132+00:00"
    }
  },
  {
    "model": "posts.follow",
    "pk": 78,
    "fields": {
      "follower": 7,
      "following": 5,
      "created_at": "2025-03-24T13:25:39.109538+00:00"
    }
  },
  {
    "model": "posts.follow",
    "pk": 79,
    "fields": {
      "follower": 16,
      "following": 12,
      "created_at": "2025-03-24T13:25:39.116155+00:00"
    }
  },
  {
    "model": "posts.follow",
    "pk": 80,
    "fields": {
      "follower": 20,
      "following": 13,
      "created_at": "2025-03-24T13:25:39.121793+00:00"
    }
  },
  {
    "model": "posts.follow",
    "pk": 81,
    "fields": {
      "follower": 16,
      "following": 15,
      "created_at": "2025-03-24T13:25:39.127313+00:00"
    }
  },
  {
    "model": "posts.follow",
    "pk": 82,
    "fields": {
      "follower": 5,
      "following": 6,
      "created_at": "2025-03-24T13:25:39.131814+00:00"
    }
  },
  {
    "model": "posts.follow",
    "pk": 83,
    "fields": {
      "follower": 6,
      "following": 18,
      "created_at": "2025-03-24T13:25:39.136297+00:00"
    }
  },
  {
    "model": "posts.follow",
    "pk": 84,
    "fields": {
      "follower": 15,
      "following": 2,
      "created_at": "2025-03-24T13:25:39.141062+00:00"
    }
  },
  {
    "model": "posts.follow",
    "pk": 85,
    "fields": {
      "follower": 2,
      "following": 18,
      "created_at": "2025-03-24T13:25:39.145939+00:00"
    }
  },
  {
    "model": "posts.follow",
    "pk": 86,
    "fields": {
      "follower": 10,
      "following": 6,
      "created_at": "2025-03-24T13:25:39.152899+00:00"
    }
  },
  {
    "model": "posts.follow",
    "pk": 87,
    "fields": {
      "follower": 18,
      "following": 21,
      "created_at": "2025-03-24T13:25:39.158196+00:00"
    }
  },
  {
    "model": "posts.follow",
    "pk": 88,
    "fields": {
      "follower": 20,
      "following": 6,
      "created_at": "2025-03-24T13:25:39.164506+00:00"
    }
  },
  {
    "model": "posts.follow",
    "pk": 89,
    "fields": {
      "follower": 4,
      "following": 17,
      "created_at": "2025-03-24T13:25:39.169442+00:00"
    }
  },
  {
    "model": "posts.follow",
    "pk": 90,
    "fields": {
      "follower": 19,
      "following": 21,
      "created_at": "2025-03-24T13:25:39.175428+00:00"
    }
  },
  {
    "model": "posts.follow",
    "pk": 91,
    "fields": {
      "follower": 19,
      "following": 20,
      "created_at": "2025-03-24T13:25:39.180109+00:00"
    }
  },
  {
    "model": "posts.follow",
    "pk": 92,
    "fields": {
      "follower": 14,
      "following": 2,
      "created_at": "2025-03-24T13:25:39.184591+00:00"
    }
  },
  {
    "model": "posts.follow",
    "pk": 93,
    "fields": {
      "follower": 10,
      "following": 12,
      "created_at": "2025-03-24T13:25:39.188963+00:00"
    }
  },
  {
    "model": "posts.follow",
    "pk": 94,
    "fields": {
      "follower": 15,
      "following": 11,
      "created_at": "2025-03-24T13:25:39.193797+00:00"
    }
  },
  {
    "model": "posts.follow",
    "pk": 95,
    "fields": {
      "follower": 21,
      "following": 2,
      "created_at": "2025-03-24T13:25:39.198948+00:00"
    }
  },
  {
    "model": "posts.follow",
    "pk": 96,
    "fields": {
      "follower": 5,
      "following": 7,
      "created_at": "2025-03-24T13:25:39.203758+00:00"
    }
  },
  {
    "model": "posts.follow",
    "pk": 97,
    "fields": {
      "follower": 8,
      "following": 3,
      "created_at": "2025-03-24T13:25:39.209823+00:00"
    }
  },
  {
    "model": "posts.follow",
    "pk": 98,
    "fields": {
      "follower": 3,
      "following": 4,
      "created_at": "2025-03-24T13:25:39.214693+00:00"
    }
  },
  {
    "model": "posts.follow",
    "pk": 99,
    "fields": {
      "follower": 13,
      "following": 11,
      "created_at": "2025-03-24T13:25:39.220568+00:00"
    }
  },
  {
    "model": "posts.follow",
    "pk": 100,
    "fields": {
      "follower": 6,
      "following": 9,
      "created_at": "2025-03-24T13:25:39.225133+00:00"
    }
  }
]