[
  {
    "model": "posts.user",
    "pk": 2,
    "fields": {
      "username": "user0",
      "email": "user0@example.com",
      "is_superuser": false,
      "is_staff": true,
      "role": "admin",
      "created_at": "2025-03-25T09:35:42.049479+00:00"
    }
  },
  {
    "model": "posts.user",
    "pk": 3,
    "fields": {
      "username": "user1",
      "email": "user1@example.com",
      "role": "user",
      "created_at": "2025-03-25T09:35:42.101066+00:00"
    }
  },
  {
    "model": "posts.user",
    "pk": 4,
    "fields": {
      "username": "user2",
      "email": "user2@example.com",
      "role": "user",
      "created_at": "2025-03-25T09:35:42.156763+00:00"
    }
  },
  {
    "model": "posts.user",
    "pk": 5,
    "fields": {
      "username": "user3",
      "email": "user3@example.com",
      "role": "user",
      "created_at": "2025-03-25T09:35:42.209137+00:00"
    }
  },
  {
    "model": "posts.user",
    "pk": 6,
    "fields": {
      "username": "user4",
      "email": "user4@example.com",
      "role": "user",
      "created_at": "2025-03-25T09:35:42.262858+00:00"
    }
  },
  {
    "model": "posts.user",
    "pk": 7,
    "fields": {
      "username": "user5",
      "email": "user5@example.com",
      "role": "user",
      "created_at": "2025-03-25T09:35:42.316032+00:00"
    }
  },
  {
    "model": "posts.user",
    "pk": 8,
    "fields": {
      "username": "user6",
      "email": "user6@example.com",
      "role": "user",
      "created_at": "2025-03-25T09:35:42.370264+00:00"
    }
  },
  {
    "model": "posts.user",
    "pk": 9,
    "fields": {
      "username": "user7",
      "email": "user7@example.com",
      "role": "user",
      "created_at": "2025-03-25T09:35:42.424100+00:00"
    }
  },
  {
    "model": "posts.user",
    "pk": 10,
    "fields": {
      "username": "user8",
      "email": "user8@example.com",
      "role": "user",
      "created_at": "2025-03-25T09:35:42.477272+00:00"
    }
  },
  {
    "model": "posts.user",
    "pk": 11,
    "fields": {
      "username": "user9",
      "email": "user9@example.com",
      "role": "user",
      "created_at": "2025-03-25T09:35:42.530340+00:00"
    }
  },
  {
    "model": "posts.user",
    "pk": 12,
    "fields": {
      "username": "user10",
      "email": "user10@example.com",
      "role": "user",
      "created_at": "2025-03-25T09:35:42.585567+00:00"
    }
  },
  {
    "model": "posts.user",
    "pk": 13,
    "fields": {
      "username": "user11",
      "email": "user11@example.com",
      "role": "user",
      "created_at": "2025-03-25T09:35:42.639108+00:00"
    }
  },
  {
    "model": "posts.user",
    "pk": 14,
    "fields": {
      "username": "user12",
      "email": "user12@example.com",
      "role": "user",
      "created_at": "2025-03-25T09:35:42.693276+00:00"
    }
  },
  {
    "model": "posts.user",
    "pk": 15,
    "fields": {
      "username": "user13",
      "email": "user13@example.com",
      "role": "user",
      "created_at": "2025-03-25T09:35:42.746305+00:00"
    }
  },
  {
    "model": "posts.user",
    "pk": 16,
    "fields": {
      "username": "user14",
      "email": "user14@example.com",
      "role": "user",
      "created_at": "2025-03-25T09:35:42.799415+00:00"
    }
  },
  {
    "model": "posts.user",
    "pk": 17,
    "fields": {
      "username": "user15",
      "email": "user15@example.com",
      "role": "user",
      "created_at": "2025-03-25T09:35:42.852811+00:00"
    }
  },
  {
    "model": "posts.user",
    "pk": 18,
    "fields": {
      "username": "user16",
      "email": "user16@example.com",
      "role": "user",
      "created_at": "2025-03-25T09:35:42.910478+00:00"
    }
  },
  {
    "model": "posts.user",
    "pk": 19,
    "fields": {
      "username": "user17",
      "email": "user17@example.com",
      "role": "user",
      "created_at": "2025-03-25T09:35:42.968761+00:00"
    }
  },
  {
    "model": "posts.user",
    "pk": 20,
    "fields": {
      "username": "user18",
      "email": "user18@example.com",
      "role": "user",
      "created_at": "2025-03-25T09:35:43.023118+00:00"
    }
  },
  {
    "model": "posts.user",
    "pk": 21,
    "fields": {
      "username": "user19",
      "email": "user19@example.com",
      "role": "user",
      "created_at": "2025-03-25T09:35:43.075049+00:00"
    }
  },
  {
    "model": "posts.post",
    "pk": 1,
    "fields": {
      "content": "Post 1 content by user4",
      "author": 6,
      "privacy": "public",
      "created_at": "2025-03-25T09:35:43.083997+00:00"
    }
  },
  {
    "model": "posts.post",
    "pk": 2,
    "fields": {
      "content": "Post 2 content by user15",
      "author": 17,
      "privacy": "public",
      "created_at": "2025-03-25T09:35:43.088831+00:00"
    }
  },
  {
    "model": "posts.post",
    "pk": 3,
    "fields": {
      "content": "Post 3 content by user5",
      "author": 7,
      "privacy": "public",
      "created_at": "2025-03-25T09:35:43.093022+00:00"
    }
  },
  {
    "model": "posts.post",
    "pk": 4,
    "fields": {
      "content": "Post 4 content by user16",
      "author": 18,
      "privacy": "public",
      "created_at": "2025-03-25T09:35:43.096896+00:00"
    }
  },
  {
    "model": "posts.post",
    "pk": 5,
    "fields": {
      "content": "Post 5 content by user17",
      "author": 19,
      "privacy": "private",
      "created_at": "2025-03-25T09:35:43.100717+00:00"
    }
  },
  {
    "model": "posts.post",
    "pk": 6,
    "fields": {
      "content": "Post 6 content by user1",
      "author": 3,
      "privacy": "public",
      "created_at": "2025-03-25T09:35:43.104486+00:00"
    }
  },
  {
    "model": "posts.post",
    "pk": 7,
    "fields": {
      "content": "Post 7 content by user12",
      "author": 14,
      "privacy": "public",
      "created_at": "2025-03-25T09:35:43.108461+00:00"
    }
  },
  {
    "model": "posts.post",
    "pk": 8,
    "fields": {
      "content": "Post 8 content by user1",
      "author": 3,
      "privacy": "public",
      "created_at": "2025-03-25T09:35:43.112229+00:00"
    }
  },
  {
    "model": "posts.post",
    "pk": 9,
    "fields": {
      "content": "Post 9 content by user18",
      "author": 20,
      "privacy": "public",
      "created_at": "2025-03-25T09:35:43.115827+00:00"
    }
  },
  {
    "model": "posts.post",
    "pk": 10,
    "fields": {
      "content": "Post 10 content by user7",
      "author": 9,
      "privacy": "private",
      "created_at": "2025-03-25T09:35:43.119338+00:00"
    }
  },
  {
    "model": "posts.post",
    "pk": 11,
    "fields": {
      "content": "Post 11 content by user2",
      "author": 4,
      "privacy": "public",
      "created_at": "2025-03-25T09:35:43.122967+00:00"
    }
  },
  {
    "model": "posts.post",
    "pk": 12,
    "fields": {
      "content": "Post 12 content by user2",
      "author": 4,
      "privacy": "public",
      "created_at": "2025-03-25T09:35:43.126218+00:00"
    }
  },
  {
    "model": "posts.post",
    "pk": 13,
    "fields": {
      "content": "Post 13 content by user5",
      "author": 7,
      "privacy": "public",
      "created_at": "2025-03-25T09:35:43.129649+00:00"
    }
  },
  {
    "model": "posts.post",
    "pk": 14,
    "fields": {
      "content": "Post 14 content by user17",
      "author": 19,
      "privacy": "private",
      "created_at": "2025-03-25T09:35:43.132967+00:00"
    }
  },
  {
    "model": "posts.post",
    "pk": 15,
    "fields": {
      "content": "Post 15 content by user5",
      "author": 7,
      "privacy": "private",
      "created_at": "2025-03-25T09:35:43.137666+00:00"
    }
  },
  {
    "model": "posts.post",
    "pk": 16,
    "fields": {
      "content": "Post 16 content by user14",
      "author": 16,
      "privacy": "private",
      "created_at": "2025-03-25T09:35:43.141093+00:00"
    }
  },
  {
    "model": "posts.post",
    "pk": 17,
    "fields": {
      "content": "Post 17 content by user16",
      "author": 18,
      "privacy": "private",
      "created_at": "2025-03-25T09:35:43.144408+00:00"
    }
  },
  {
    "model": "posts.post",
    "pk": 18,
    "fields": {
      "content": "Post 18 content by user14",
      "author": 16,
      "privacy": "private",
      "created_at": "2025-03-25T09:35:43.147762+00:00"
    }
  },
  {
    "model": "posts.post",
    "pk": 19,
    "fields": {
      "content": "Post 19 content by user6",
      "author": 8,
      "privacy": "private",
      "created_at": "2025-03-25T09:35:43.151089+00:00"
    }
  },
  {
    "model": "posts.post",
    "pk": 20,
    "fields": {
      "content": "Post 20 content by user15",
      "author": 17,
      "privacy": "private",
      "created_at": "2025-03-25T09:35:43.154380+00:00"
    }
  },
  {
    "model": "posts.post",
    "pk": 21,
    "fields": {
      "content": "Post 21 content by user10",
      "author": 12,
      "privacy": "private",
      "created_at": "2025-03-25T09:35:43.157707+00:00"
    }
  },
  {
    "model": "posts.post",
    "pk": 22,
    "fields": {
      "content": "Post 22 content by user2",
      "author": 4,
      "privacy": "public",
      "created_at": "2025-03-25T09:35:43.161069+00:00"
    }
  },
  {
    "model": "posts.post",
    "pk": 23,
    "fields": {
      "content": "Post 23 content by user16",
      "author": 18,
      "privacy": "public",
      "created_at": "2025-03-25T09:35:43.164435+00:00"
    }
  },
  {
    "model": "posts.post",
    "pk": 24,
    "fields": {
      "content": "Post 24 content by user5",
      "author": 7,
      "privacy": "public",
      "created_at": "2025-03-25T09:35:43.167721+00:00"
    }
  },
  {
    "model": "posts.post",
    "pk": 25,
    "fields": {
      "content": "Post 25 content by user6",
      "author": 8,
      "privacy": "private",
      "created_at": "2025-03-25T09:35:43.171049+00:00"
    }
  },
  {
    "model": "posts.post",
    "pk": 26,
    "fields": {
      "content": "Post 26 content by user19",
      "author": 21,
      "privacy": "public",
      "created_at": "2025-03-25T09:35:43.174528+00:00"
    }
  },
  {
    "model": "posts.post",
    "pk": 27,
    "fields": {
      "content": "Post 27 content by user13",
      "author": 15,
      "privacy": "private",
      "created_at": "2025-03-25T09:35:43.177872+00:00"
    }
  },
  {
    "model": "posts.post",
    "pk": 28,
    "fields": {
      "content": "Post 28 content by user10",
      "author": 12,
      "privacy": "private",
      "created_at": "2025-03-25T09:35:43.181171+00:00"
    }
  },
  {
    "model": "posts.post",
    "pk": 29,
    "fields": {
      "content": "Post 29 content by user14",
      "author": 16,
      "privacy": "private",
      "created_at": "2025-03-25T09:35:43.184661+00:00"
    }
  },
  {
    "model": "posts.post",
    "pk": 30,
    "fields": {
      "content": "Post 30 content by user7",
      "author": 9,
      "privacy": "private",
      "created_at": "2025-03-25T09:35:43.188037+00:00"
    }
  },
  {
    "model": "posts.post",
    "pk": 31,
    "fields": {
      "content": "Post 31 content by user9",
      "author": 11,
      "privacy": "public",
      "created_at": "2025-03-25T09:35:43.191365+00:00"
    }
  },
  {
    "model": "posts.post",
    "pk": 32,
    "fields": {
      "content": "Post 32 content by user14",
      "author": 16,
      "privacy": "private",
      "created_at": "2025-03-25T09:35:43.194677+00:00"
    }
  },
  {
    "model": "posts.post",
    "pk": 33,
    "fields": {
      "content": "Post 33 content by user9",
      "author": 11,
      "privacy": "private",
      "created_at": "2025-03-25T09:35:43.197976+00:00"
    }
  },
  {
    "model": "posts.post",
    "pk": 34,
    "fields": {
      "content": "Post 34 content by user3",
      "author": 5,
      "privacy": "public",
      "created_at": "2025-03-25T09:35:43.201303+00:00"
    }
  },
  {
    "model": "posts.post",
    "pk": 35,
    "fields": {
      "content": "Post 35 content by user15",
      "author": 17,
      "privacy": "public",
      "created_at": "2025-03-25T09:35:43.204674+00:00"
    }
  },
  {
    "model": "posts.post",
    "pk": 36,
    "fields": {
      "content": "Post 36 content by user2",
      "author": 4,
      "privacy": "public",
      "created_at": "2025-03-25T09:35:43.208064+00:00"
    }
  },
  {
    "model": "posts.post",
    "pk": 37,
    "fields": {
      "content": "Post 37 content by user2",
      "author": 4,
      "privacy": "private",
      "created_at": "2025-03-25T09:35:43.211402+00:00"
    }
  },
  {
    "model": "posts.post",
    "pk": 38,
    "fields": {
      "content": "Post 38 content by user9",
      "author": 11,
      "privacy": "public",
      "created_at": "2025-03-25T09:35:43.214702+00:00"
    }
  },
  {
    "model": "posts.post",
    "pk": 39,
    "fields": {
      "content": "Post 39 content by user10",
      "author": 12,
      "privacy": "public",
      "created_at": "2025-03-25T09:35:43.217992+00:00"
    }
  },
  {
    "model": "posts.post",
    "pk": 40,
    "fields": {
      "content": "Post 40 content by user13",
      "author": 15,
      "privacy": "public",
      "created_at": "2025-03-25T09:35:43.221335+00:00"
    }
  },
  {
    "model": "posts.post",
    "pk": 41,
    "fields": {
      "content": "Post 41 content by user8",
      "author": 10,
      "privacy": "private",
      "created_at": "2025-03-25T09:35:43.224692+00:00"
    }
  },
  {
    "model": "posts.post",
    "pk": 42,
    "fields": {
      "content": "Post 42 content by user1",
      "author": 3,
      "privacy": "public",
      "created_at": "2025-03-25T09:35:43.227991+00:00"
    }
  },
  {
    "model": "posts.post",
    "pk": 43,
    "fields": {
      "content": "Post 43 content by user5",
      "author": 7,
      "privacy": "private",
      "created_at": "2025-03-25T09:35:43.231304+00:00"
    }
  },
  {
    "model": "posts.post",
    "pk": 44,
    "fields": {
      "content": "Post 44 content by user9",
      "author": 11,
      "privacy": "public",
      "created_at": "2025-03-25T09:35:43.234776+00:00"
    }
  },
  {
    "model": "posts.post",
    "pk": 45,
    "fields": {
      "content": "Post 45 content by user11",
      "author": 13,
      "privacy": "private",
      "created_at": "2025-03-25T09:35:43.238124+00:00"
    }
  },
  {
    "model": "posts.post",
    "pk": 46,
    "fields": {
      "content": "Post 46 content by user5",
      "author": 7,
      "privacy": "public",
      "created_at": "2025-03-25T09:35:43.241382+00:00"
    }
  },
  {
    "model": "posts.post",
    "pk": 47,
    "fields": {
      "content": "Post 47 content by user9",
      "author": 11,
      "privacy": "private",
      "created_at": "2025-03-25T09:35:43.244598+00:00"
    }
  },
  {
    "model": "posts.post",
    "pk": 48,
    "fields": {
      "content": "Post 48 content by user1",
      "author": 3,
      "privacy": "public",
      "created_at": "2025-03-25T09:35:43.247795+00:00"
    }
  },
  {
    "model": "posts.post",
    "pk": 49,
    "fields": {
      "content": "Post 49 content by user7",
      "author": 9,
      "privacy": "private",
      "created_at": "2025-03-25T09:35:43.251112+00:00"
    }
  },
  {
    "model": "posts.post",
    "pk": 50,
    "fields": {
      "content": "Post 50 content by user13",
      "author": 15,
      "privacy": "private",
      "created_at": "2025-03-25T09:35:43.254389+00:00"
    }
  },
  {
    "model": "posts.comment",
    "pk": 1,
    "fields": {
      "content": "Comment 1 by user7",
      "user": 9,
      "post": 11,
      "created_at": "2025-03-25T09:35:43.257775+00:00"
    }
  },
  {
    "model": "posts.comment",
    "pk": 2,
    "fields": {
      "content": "Comment 2 by user3",
      "user": 5,
      "post": 43,
      "created_at": "2025-03-25T09:35:43.261599+00:00"
    }
  },
  {
    "model": "posts.comment",
    "pk": 3,
    "fields": {
      "content": "Comment 3 by user18",
      "user": 20,
      "post": 14,
      "created_at": "2025-03-25T09:35:43.265106+00:00"
    }
  },
  {
    "model": "posts.comment",
    "pk": 4,
    "fields": {
      "content": "Comment 4 by user19",
      "user": 21,
      "post": 4,
      "created_at": "2025-03-25T09:35:43.268617+00:00"
    }
  },
  {
    "model": "posts.comment",
    "pk": 5,
    "fields": {
      "content": "Comment 5 by user18",
      "user": 20,
      "post": 19,
      "created_at": "2025-03-25T09:35:43.272135+00:00"
    }
  },
  {
    "model": "posts.comment",
    "pk": 6,
    "fields": {
      "content": "Comment 6 by user8",
      "user": 10,
      "post": 8,
      "created_at": "2025-03-25T09:35:43.275647+00:00"
    }
  },
  {
    "model": "posts.comment",
    "pk": 7,
    "fields": {
      "content": "Comment 7 by user10",
      "user": 12,
      "post": 48,
      "created_at": "2025-03-25T09:35:43.279075+00:00"
    }
  },
  {
    "model": "posts.comment",
    "pk": 8,
    "fields": {
      "content": "Comment 8 by user1",
      "user": 3,
      "post": 37,
      "created_at": "2025-03-25T09:35:43.282505+00:00"
    }
  },
  {
    "model": "posts.comment",
    "pk": 9,
    "fields": {
      "content": "Comment 9 by user0",
      "user": 2,
      "post": 11,
      "created_at": "2025-03-25T09:35:43.285935+00:00"
    }
  },
  {
    "model": "posts.comment",
    "pk": 10,
    "fields": {
      "content": "Comment 10 by user13",
      "user": 15,
      "post": 49,
      "created_at": "2025-03-25T09:35:43.289249+00:00"
    }
  },
  {
    "model": "posts.comment",
    "pk": 11,
    "fields": {
      "content": "Comment 11 by user19",
      "user": 21,
      "post": 44,
      "created_at": "2025-03-25T09:35:43.292638+00:00"
    }
  },
  {
    "model": "posts.comment",
    "pk": 12,
    "fields": {
      "content": "Comment 12 by user6",
      "user": 8,
      "post": 25,
      "created_at": "2025-03-25T09:35:43.297178+00:00"
    }
  },
  {
    "model": "posts.comment",
    "pk": 13,
    "fields": {
      "content": "Comment 13 by user1",
      "user": 3,
      "post": 32,
      "created_at": "2025-03-25T09:35:43.300646+00:00"
    }
  },
  {
    "model": "posts.comment",
    "pk": 14,
    "fields": {
      "content": "Comment 14 by user14",
      "user": 16,
      "post": 15,
      "created_at": "2025-03-25T09:35:43.303958+00:00"
    }
  },
  {
    "model": "posts.comment",
    "pk": 15,
    "fields": {
      "content": "Comment 15 by user13",
      "user": 15,
      "post": 11,
      "created_at": "2025-03-25T09:35:43.308476+00:00"
    }
  },
  {
    "model": "posts.comment",
    "pk": 16,
    "fields": {
      "content": "Comment 16 by user11",
      "user": 13,
      "post": 14,
      "created_at": "2025-03-25T09:35:43.312044+00:00"
    }
  },
  {
    "model": "posts.comment",
    "pk": 17,
    "fields": {
      "content": "Comment 17 by user15",
      "user": 17,
      "post": 32,
      "created_at": "2025-03-25T09:35:43.315920+00:00"
    }
  },
  {
    "model": "posts.comment",
    "pk": 18,
    "fields": {
      "content": "Comment 18 by user7",
      "user": 9,
      "post": 18,
      "created_at": "2025-03-25T09:35:43.319651+00:00"
    }
  },
  {
    "model": "posts.comment",
    "pk": 19,
    "fields": {
      "content": "Comment 19 by user2",
      "user": 4,
      "post": 15,
      "created_at": "2025-03-25T09:35:43.323451+00:00"
    }
  },
  {
    "model": "posts.comment",
    "pk": 20,
    "fields": {
      "content": "Comment 20 by user14",
      "user": 16,
      "post": 28,
      "created_at": "2025-03-25T09:35:43.328285+00:00"
    }
  },
  {
    "model": "posts.comment",
    "pk": 21,
    "fields": {
      "content": "Comment 21 by user1",
      "user": 3,
      "post": 20,
      "created_at": "2025-03-25T09:35:43.332599+00:00"
    }
  },
  {
    "model": "posts.comment",
    "pk": 22,
    "fields": {
      "content": "Comment 22 by user11",
      "user": 13,
      "post": 15,
      "created_at": "2025-03-25T09:35:43.336613+00:00"
    }
  },
  {
    "model": "posts.comment",
    "pk": 23,
    "fields": {
      "content": "Comment 23 by user2",
      "user": 4,
      "post": 48,
      "created_at": "2025-03-25T09:35:43.340346+00:00"
    }
  },
  {
    "model": "posts.comment",
    "pk": 24,
    "fields": {
      "content": "Comment 24 by user12",
      "user": 14,
      "post": 38,
      "created_at": "2025-03-25T09:35:43.345034+00:00"
    }
  },
  {
    "model": "posts.comment",
    "pk": 25,
    "fields": {
      "content": "Comment 25 by user17",
      "user": 19,
      "post": 24,
      "created_at": "2025-03-25T09:35:43.348588+00:00"
    }
  },
  {
    "model": "posts.comment",
    "pk": 26,
    "fields": {
      "content": "Comment 26 by user13",
      "user": 15,
      "post": 39,
      "created_at": "2025-03-25T09:35:43.352127+00:00"
    }
  },
  {
    "model": "posts.comment",
    "pk": 27,
    "fields": {
      "content": "Comment 28 by user3",
      "user": 5,
      "post": 17,
      "created_at": "2025-03-25T09:35:43.355531+00:00"
    }
  },
  {
    "model": "posts.comment",
    "pk": 28,
    "fields": {
      "content": "Comment 29 by user16",
      "user": 18,
      "post": 3,
      "created_at": "2025-03-25T09:35:43.360015+00:00"
    }
  },
  {
    "model": "posts.comment",
    "pk": 29,
    "fields": {
      "content": "Comment 30 by user18",
      "user": 20,
      "post": 30,
      "created_at": "2025-03-25T09:35:43.363437+00:00"
    }
  },
  {
    "model": "posts.comment",
    "pk": 30,
    "fields": {
      "content": "Comment 31 by user18",
      "user": 20,
      "post": 28,
      "created_at": "2025-03-25T09:35:43.366731+00:00"
    }
  },
  {
    "model": "posts.comment",
    "pk": 31,
    "fields": {
      "content": "Comment 32 by user6",
      "user": 8,
      "post": 34,
      "created_at": "2025-03-25T09:35:43.370014+00:00"
    }
  },
  {
    "model": "posts.comment",
    "pk": 32,
    "fields": {
      "content": "Comment 34 by user15",
      "user": 17,
      "post": 13,
      "created_at": "2025-03-25T09:35:43.373423+00:00"
    }
  },
  {
    "model": "posts.comment",
    "pk": 33,
    "fields": {
      "content": "Comment 35 by user16",
      "user": 18,
      "post": 43,
      "created_at": "2025-03-25T09:35:43.376751+00:00"
    }
  },
  {
    "model": "posts.comment",
    "pk": 34,
    "fields": {
      "content": "Comment 36 by user11",
      "user": 13,
      "post": 22,
      "created_at": "2025-03-25T09:35:43.380027+00:00"
    }
  },
  {
    "model": "posts.comment",
    "pk": 35,
    "fields": {
      "content": "Comment 37 by user16",
      "user": 18,
      "post": 21,
      "created_at": "2025-03-25T09:35:43.383292+00:00"
    }
  },
  {
    "model": "posts.comment",
    "pk": 36,
    "fields": {
      "content": "Comment 38 by user17",
      "user": 19,
      "post": 33,
      "created_at": "2025-03-25T09:35:43.386598+00:00"
    }
  },
  {
    "model": "posts.comment",
    "pk": 37,
    "fields": {
      "content": "Comment 39 by user1",
      "user": 3,
      "post": 43,
      "created_at": "2025-03-25T09:35:43.389883+00:00"
    }
  },
  {
    "model": "posts.comment",
    "pk": 38,
    "fields": {
      "content": "Comment 40 by user13",
      "user": 15,
      "post": 35,
      "created_at": "2025-03-25T09:35:43.393180+00:00"
    }
  },
  {
    "model": "posts.comment",
    "pk": 39,
    "fields": {
      "content": "Comment 41 by user19",
      "user": 21,
      "post": 24,
      "created_at": "2025-03-25T09:35:43.396493+00:00"
    }
  },
  {
    "model": "posts.comment",
    "pk": 40,
    "fields": {
      "content": "Comment 42 by user14",
      "user": 16,
      "post": 16,
      "created_at": "2025-03-25T09:35:43.401399+00:00"
    }
  },
  {
    "model": "posts.comment",
    "pk": 41,
    "fields": {
      "content": "Comment 43 by user12",
      "user": 14,
      "post": 26,
      "created_at": "2025-03-25T09:35:43.405621+00:00"
    }
  },
  {
    "model": "posts.comment",
    "pk": 42,
    "fields": {
      "content": "Comment 44 by user15",
      "user": 17,
      "post": 23,
      "created_at": "2025-03-25T09:35:43.409323+00:00"
    }
  },
  {
    "model": "posts.comment",
    "pk": 43,
    "fields": {
      "content": "Comment 45 by user5",
      "user": 7,
      "post": 36,
      "created_at": "2025-03-25T09:35:43.412679+00:00"
    }
  },
  {
    "model": "posts.comment",
    "pk": 44,
    "fields": {
      "content": "Comment 46 by user17",
      "user": 19,
      "post": 19,
      "created_at": "2025-03-25T09:35:43.416545+00:00"
    }
  },
  {
    "model": "posts.comment",
    "pk": 45,
    "fields": {
      "content": "Comment 47 by user11",
      "user": 13,
      "post": 21,
      "created_at": "2025-03-25T09:35:43.420522+00:00"
    }
  },
  {
    "model": "posts.comment",
    "pk": 46,
    "fields": {
      "content": "Comment 48 by user10",
      "user": 12,
      "post": 12,
      "created_at": "2025-03-25T09:35:43.425143+00:00"
    }
  },
  {
    "model": "posts.comment",
    "pk": 47,
    "fields": {
      "content": "Comment 49 by user7",
      "user": 9,
      "post": 21,
      "created_at": "2025-03-25T09:35:43.430118+00:00"
    }
  },
  {
    "model": "posts.comment",
    "pk": 48,
    "fields": {
      "content": "Comment 50 by user3",
      "user": 5,
      "post": 38,
      "created_at": "2025-03-25T09:35:43.433854+00:00"
    }
  },
  {
    "model": "posts.comment",
    "pk": 49,
    "fields": {
      "content": "Comment 51 by user13",
      "user": 15,
      "post": 32,
      "created_at": "2025-03-25T09:35:43.437628+00:00"
    }
  },
  {
    "model": "posts.comment",
    "pk": 50,
    "fields": {
      "content": "Comment 52 by user14",
      "user": 16,
      "post": 40,
      "created_at": "2025-03-25T09:35:43.441131+00:00"
    }
  },
  {
    "model": "posts.comment",
    "pk": 51,
    "fields": {
      "content": "Comment 53 by user3",
      "user": 5,
      "post": 39,
      "created_at": "2025-03-25T09:35:43.444548+00:00"
    }
  },
  {
    "model": "posts.comment",
    "pk": 52,
    "fields": {
      "content": "Comment 55 by user6",
      "user": 8,
      "post": 41,
      "created_at": "2025-03-25T09:35:43.449151+00:00"
    }
  },
  {
    "model": "posts.comment",
    "pk": 53,
    "fields": {
      "content": "Comment 56 by user4",
      "user": 6,
      "post": 14,
      "created_at": "2025-03-25T09:35:43.452662+00:00"
    }
  },
  {
    "model": "posts.comment",
    "pk": 54,
    "fields": {
      "content": "Comment 57 by user17",
      "user": 19,
      "post": 47,
      "created_at": "2025-03-25T09:35:43.455991+00:00"
    }
  },
  {
    "model": "posts.comment",
    "pk": 55,
    "fields": {
      "content": "Comment 58 by user4",
      "user": 6,
      "post": 8,
      "created_at": "2025-03-25T09:35:43.459276+00:00"
    }
  },
  {
    "model": "posts.comment",
    "pk": 56,
    "fields": {
      "content": "Comment 60 by user16",
      "user": 18,
      "post": 18,
      "created_at": "2025-03-25T09:35:43.462614+00:00"
    }
  },
  {
    "model": "posts.comment",
    "pk": 57,
    "fields": {
      "content": "Comment 61 by user14",
      "user": 16,
      "post": 20,
      "created_at": "2025-03-25T09:35:43.465892+00:00"
    }
  },
  {
    "model": "posts.comment",
    "pk": 58,
    "fields": {
      "content": "Comment 62 by user6",
      "user": 8,
      "post": 13,
      "created_at": "2025-03-25T09:35:43.469192+00:00"
    }
  },
  {
    "model": "posts.comment",
    "pk": 59,
    "fields": {
      "content": "Comment 63 by user19",
      "user": 21,
      "post": 35,
      "created_at": "2025-03-25T09:35:43.472624+00:00"
    }
  },
  {
    "model": "posts.comment",
    "pk": 60,
    "fields": {
      "content": "Comment 64 by user2",
      "user": 4,
      "post": 12,
      "created_at": "2025-03-25T09:35:43.475945+00:00"
    }
  },
  {
    "model": "posts.comment",
    "pk": 61,
    "fields": {
      "content": "Comment 66 by user9",
      "user": 11,
      "post": 25,
      "created_at": "2025-03-25T09:35:43.479322+00:00"
    }
  },
  {
    "model": "posts.comment",
    "pk": 62,
    "fields": {
      "content": "Comment 67 by user13",
      "user": 15,
      "post": 15,
      "created_at": "2025-03-25T09:35:43.482749+00:00"
    }
  },
  {
    "model": "posts.comment",
    "pk": 63,
    "fields": {
      "content": "Comment 68 by user15",
      "user": 17,
      "post": 45,
      "created_at": "2025-03-25T09:35:43.486339+00:00"
    }
  },
  {
    "model": "posts.comment",
    "pk": 64,
    "fields": {
      "content": "Comment 69 by user3",
      "user": 5,
      "post": 45,
      "created_at": "2025-03-25T09:35:43.489761+00:00"
    }
  },
  {
    "model": "posts.comment",
    "pk": 65,
    "fields": {
      "content": "Comment 70 by user9",
      "user": 11,
      "post": 42,
      "created_at": "2025-03-25T09:35:43.493038+00:00"
    }
  },
  {
    "model": "posts.comment",
    "pk": 66,
    "fields": {
      "content": "Comment 71 by user17",
      "user": 19,
      "post": 45,
      "created_at": "2025-03-25T09:35:43.496393+00:00"
    }
  },
  {
    "model": "posts.comment",
    "pk": 67,
    "fields": {
      "content": "Comment 72 by user9",
      "user": 11,
      "post": 36,
      "created_at": "2025-03-25T09:35:43.499719+00:00"
    }
  },
  {
    "model": "posts.comment",
    "pk": 68,
    "fields": {
      "content": "Comment 73 by user16",
      "user": 18,
      "post": 41,
      "created_at": "2025-03-25T09:35:43.503034+00:00"
    }
  },
  {
    "model": "posts.comment",
    "pk": 69,
    "fields": {
      "content": "Comment 74 by user1",
      "user": 3,
      "post": 29,
      "created_at": "2025-03-25T09:35:43.506294+00:00"
    }
  },
  {
    "model": "posts.comment",
    "pk": 70,
    "fields": {
      "content": "Comment 75 by user17",
      "user": 19,
      "post": 20,
      "created_at": "2025-03-25T09:35:43.509632+00:00"
    }
  },
  {
    "model": "posts.comment",
    "pk": 71,
    "fields": {
      "content": "Comment 76 by user0",
      "user": 2,
      "post": 25,
      "created_at": "2025-03-25T09:35:43.512978+00:00"
    }
  },
  {
    "model": "posts.comment",
    "pk": 72,
    "fields": {
      "content": "Comment 77 by user16",
      "user": 18,
      "post": 19,
      "created_at": "2025-03-25T09:35:43.516274+00:00"
    }
  },
  {
    "model": "posts.comment",
    "pk": 73,
    "fields": {
      "content": "Comment 78 by user16",
      "user": 18,
      "post": 13,
      "created_at": "2025-03-25T09:35:43.519642+00:00"
    }
  },
  {
    "model": "posts.comment",
    "pk": 74,
    "fields": {
      "content": "Comment 79 by user5",
      "user": 7,
      "post": 31,
      "created_at": "2025-03-25T09:35:43.522933+00:00"
    }
  },
  {
    "model": "posts.comment",
    "pk": 75,
    "fields": {
      "content": "Comment 80 by user17",
      "user": 19,
      "post": 6,
      "created_at": "2025-03-25T09:35:43.526173+00:00"
    }
  },
  {
    "model": "posts.comment",
    "pk": 76,
    "fields": {
      "content": "Comment 81 by user8",
      "user": 10,
      "post": 43,
      "created_at": "2025-03-25T09:35:43.529508+00:00"
    }
  },
  {
    "model": "posts.comment",
    "pk": 77,
    "fields": {
      "content": "Comment 82 by user6",
      "user": 8,
      "post": 23,
      "created_at": "2025-03-25T09:35:43.532764+00:00"
    }
  },
  {
    "model": "posts.comment",
    "pk": 78,
    "fields": {
      "content": "Comment 83 by user17",
      "user": 19,
      "post": 38,
      "created_at": "2025-03-25T09:35:43.536047+00:00"
    }
  },
  {
    "model": "posts.comment",
    "pk": 79,
    "fields": {
      "content": "Comment 84 by user10",
      "user": 12,
      "post": 32,
      "created_at": "2025-03-25T09:35:43.539354+00:00"
    }
  },
  {
    "model": "posts.comment",
    "pk": 80,
    "fields": {
      "content": "Comment 85 by user16",
      "user": 18,
      "post": 14,
      "created_at": "2025-03-25T09:35:43.542695+00:00"
    }
  },
  {
    "model": "posts.comment",
    "pk": 81,
    "fields": {
      "content": "Comment 86 by user14",
      "user": 16,
      "post": 9,
      "created_at": "2025-03-25T09:35:43.546034+00:00"
    }
  },
  {
    "model": "posts.comment",
    "pk": 82,
    "fields": {
      "content": "Comment 87 by user11",
      "user": 13,
      "post": 13,
      "created_at": "2025-03-25T09:35:43.549483+00:00"
    }
  },
  {
    "model": "posts.comment",
    "pk": 83,
    "fields": {
      "content": "Comment 88 by user3",
      "user": 5,
      "post": 18,
      "created_at": "2025-03-25T09:35:43.552837+00:00"
    }
  },
  {
    "model": "posts.comment",
    "pk": 84,
    "fields": {
      "content": "Comment 89 by user14",
      "user": 16,
      "post": 49,
      "created_at": "2025-03-25T09:35:43.556173+00:00"
    }
  },
  {
    "model": "posts.comment",
    "pk": 85,
    "fields": {
      "content": "Comment 90 by user3",
      "user": 5,
      "post": 40,
      "created_at": "2025-03-25T09:35:43.559483+00:00"
    }
  },
  {
    "model": "posts.comment",
    "pk": 86,
    "fields": {
      "content": "Comment 91 by user14",
      "user": 16,
      "post": 13,
      "created_at": "2025-03-25T09:35:43.562833+00:00"
    }
  },
  {
    "model": "posts.comment",
    "pk": 87,
    "fields": {
      "content": "Comment 92 by user6",
      "user": 8,
      "post": 11,
      "created_at": "2025-03-25T09:35:43.566166+00:00"
    }
  },
  {
    "model": "posts.comment",
    "pk": 88,
    "fields": {
      "content": "Comment 93 by user0",
      "user": 2,
      "post": 48,
      "created_at": "2025-03-25T09:35:43.569490+00:00"
    }
  },
  {
    "model": "posts.comment",
    "pk": 89,
    "fields": {
      "content": "Comment 94 by user1",
      "user": 3,
      "post": 18,
      "created_at": "2025-03-25T09:35:43.572866+00:00"
    }
  },
  {
    "model": "posts.comment",
    "pk": 90,
    "fields": {
      "content": "Comment 95 by user18",
      "user": 20,
      "post": 2,
      "created_at": "2025-03-25T09:35:43.576272+00:00"
    }
  },
  {
    "model": "posts.comment",
    "pk": 91,
    "fields": {
      "content": "Comment 98 by user15",
      "user": 17,
      "post": 24,
      "created_at": "2025-03-25T09:35:43.579613+00:00"
    }
  },
  {
    "model": "posts.comment",
    "pk": 92,
    "fields": {
      "content": "Comment 99 by user2",
      "user": 4,
      "post": 18,
      "created_at": "2025-03-25T09:35:43.582894+00:00"
    }
  },
  {
    "model": "posts.comment",
    "pk": 93,
    "fields": {
      "content": "Comment 100 by user5",
      "user": 7,
      "post": 16,
      "created_at": "2025-03-25T09:35:43.586248+00:00"
    }
  },
  {
    "model": "posts.like",
    "pk": 1,
    "fields": {
      "user": 8,
      "post": 16,
      "created_at": "2025-03-25T09:35:43.590923+00:00"
    }
  },
  {
    "model": "posts.like",
    "pk": 2,
    "fields": {
      "user": 18,
      "post": 41,
      "created_at": "2025-03-25T09:35:43.595639+00:00"
    }
  },
  {
    "model": "posts.like",
    "pk": 3,
    "fields": {
      "user": 6,
      "post": 34,
      "created_at": "2025-03-25T09:35:43.600139+00:00"
    }
  },
  {
    "model": "posts.like",
    "pk": 4,
    "fields": {
      "user": 7,
      "post": 17,
      "created_at": "2025-03-25T09:35:43.604745+00:00"
    }
  },
  {
    "model": "posts.like",
    "pk": 5,
    "fields": {
      "user": 9,
      "post": 8,
      "created_at": "2025-03-25T09:35:43.609153+00:00"
    }
  },
  {
    "model": "posts.like",
    "pk": 6,
    "fields": {
      "user": 20,
      "post": 26,
      "created_at": "2025-03-25T09:35:43.613655+00:00"
    }
  },
  {
    "model": "posts.like",
    "pk": 7,
    "fields": {
      "user": 3,
      "post": 10,
      "created_at": "2025-03-25T09:35:43.618204+00:00"
    }
  },
  {
    "model": "posts.like",
    "pk": 8,
    "fields": {
      "user": 19,
      "post": 7,
      "created_at": "2025-03-25T09:35:43.622657+00:00"
    }
  },
  {
    "model": "posts.like",
    "pk": 9,
    "fields": {
      "user": 9,
      "post": 27,
      "created_at": "2025-03-25T09:35:43.627125+00:00"
    }
  },
  {
    "model": "posts.like",
    "pk": 10,
    "fields": {
      "user": 21,
      "post": 23,
      "created_at": "2025-03-25T09:35:43.631544+00:00"
    }
  },
  {
    "model": "posts.like",
    "pk": 11,
    "fields": {
      "user": 8,
      "post": 23,
      "created_at": "2025-03-25T09:35:43.635969+00:00"
    }
  },
  {
    "model": "posts.like",
    "pk": 12,
    "fields": {
      "user": 2,
      "post": 25,
      "created_at": "2025-03-25T09:35:43.643045+00:00"
    }
  },
  {
    "model": "posts.like",
    "pk": 13,
    "fields": {
      "user": 12,
      "post": 45,
      "created_at": "2025-03-25T09:35:43.647618+00:00"
    }
  },
  {
    "model": "posts.like",
    "pk": 14,
    "fields": {
      "user": 16,
      "post": 32,
      "created_at": "2025-03-25T09:35:43.651962+00:00"
    }
  },
  {
    "model": "posts.like",
    "pk": 15,
    "fields": {
      "user": 16,
      "post": 35,
      "created_at": "2025-03-25T09:35:43.658011+00:00"
    }
  },
  {
    "model": "posts.like",
    "pk": 16,
    "fields": {
      "user": 19,
      "post": 10,
      "created_at": "2025-03-25T09:35:43.662467+00:00"
    }
  },
  {
    "model": "posts.like",
    "pk": 17,
    "fields": {
      "user": 20,
      "post": 44,
      "created_at": "2025-03-25T09:35:43.666940+00:00"
    }
  },
  {
    "model": "posts.like",
    "pk": 18,
    "fields": {
      "user": 6,
      "post": 42,
      "created_at": "2025-03-25T09:35:43.671509+00:00"
    }
  },
  {
    "model": "posts.like",
    "pk": 19,
    "fields": {
      "user": 18,
      "post": 13,
      "created_at": "2025-03-25T09:35:43.675972+00:00"
    }
  },
  {
    "model": "posts.like",
    "pk": 20,
    "fields": {
      "user": 17,
      "post": 36,
      "created_at": "2025-03-25T09:35:43.680385+00:00"
    }
  },
  {
    "model": "posts.like",
    "pk": 21,
    "fields": {
      "user": 17,
      "post": 24,
      "created_at": "2025-03-25T09:35:43.684849+00:00"
    }
  },
  {
    "model": "posts.like",
    "pk": 22,
    "fields": {
      "user": 16,
      "post": 13,
      "created_at": "2025-03-25T09:35:43.689222+00:00"
    }
  },
  {
    "model": "posts.like",
    "pk": 23,
    "fields": {
      "user": 9,
      "post": 43,
      "created_at": "2025-03-25T09:35:43.693759+00:00"
    }
  },
  {
    "model": "posts.like",
    "pk": 24,
    "fields": {
      "user": 14,
      "post": 21,
      "created_at": "2025-03-25T09:35:43.698115+00:00"
    }
  },
  {
    "model": "posts.like",
    "pk": 25,
    "fields": {
      "user": 12,
      "post": 21,
      "created_at": "2025-03-25T09:35:43.702618+00:00"
    }
  },
  {
    "model": "posts.like",
    "pk": 26,
    "fields": {
      "user": 11,
      "post": 18,
      "created_at": "2025-03-25T09:35:43.707045+00:00"
    }
  },
  {
    "model": "posts.like",
    "pk": 27,
    "fields": {
      "user": 12,
      "post": 26,
      "created_at": "2025-03-25T09:35:43.711645+00:00"
    }
  },
  {
    "model": "posts.like",
    "pk": 28,
    "fields": {
      "user": 21,
      "post": 50,
      "created_at": "2025-03-25T09:35:43.716073+00:00"
    }
  },
  {
    "model": "posts.like",
    "pk": 29,
    "fields": {
      "user": 9,
      "post": 34,
      "created_at": "2025-03-25T09:35:43.720617+00:00"
    }
  },
  {
    "model": "posts.like",
    "pk": 30,
    "fields": {
      "user": 14,
      "post": 5,
      "created_at": "2025-03-25T09:35:43.724969+00:00"
    }
  },
  {
    "model": "posts.like",
    "pk": 31,
    "fields": {
      "user": 20,
      "post": 3,
      "created_at": "2025-03-25T09:35:43.730735+00:00"
    }
  },
  {
    "model": "posts.like",
    "pk": 32,
    "fields": {
      "user": 19,
      "post": 30,
      "created_at": "2025-03-25T09:35:43.735512+00:00"
    }
  },
  {
    "model": "posts.like",
    "pk": 33,
    "fields": {
      "user": 11,
      "post": 44,
      "created_at": "2025-03-25T09:35:43.740099+00:00"
    }
  },
  {
    "model": "posts.like",
    "pk": 34,
    "fields": {
      "user": 4,
      "post": 41,
      "created_at": "2025-03-25T09:35:43.744515+00:00"
    }
  },
  {
    "model": "posts.like",
    "pk": 35,
    "fields": {
      "user": 11,
      "post": 19,
      "created_at": "2025-03-25T09:35:43.748995+00:00"
    }
  },
  {
    "model": "posts.like",
    "pk": 36,
    "fields": {
      "user": 13,
      "post": 39,
      "created_at": "2025-03-25T09:35:43.753349+00:00"
    }
  },
  {
    "model": "posts.like",
    "pk": 37,
    "fields": {
      "user": 12,
      "post": 39,
      "created_at": "2025-03-25T09:35:43.757893+00:00"
    }
  },
  {
    "model": "posts.like",
    "pk": 38,
    "fields": {
      "user": 8,
      "post": 34,
      "created_at": "2025-03-25T09:35:43.762464+00:00"
    }
  },
  {
    "model": "posts.like",
    "pk": 39,
    "fields": {
      "user": 7,
      "post": 22,
      "created_at": "2025-03-25T09:35:43.768039+00:00"
    }
  },
  {
    "model": "posts.like",
    "pk": 40,
    "fields": {
      "user": 5,
      "post": 6,
      "created_at": "2025-03-25T09:35:43.772619+00:00"
    }
  },
  {
    "model": "posts.like",
    "pk": 41,
    "fields": {
      "user": 14,
      "post": 2,
      "created_at": "2025-03-25T09:35:43.776988+00:00"
    }
  },
  {
    "model": "posts.like",
    "pk": 42,
    "fields": {
      "user": 6,
      "post": 41,
      "created_at": "2025-03-25T09:35:43.781497+00:00"
    }
  },
  {
    "model": "posts.like",
    "pk": 43,
    "fields": {
      "user": 21,
      "post": 9,
      "created_at": "2025-03-25T09:35:43.787197+00:00"
    }
  },
  {
    "model": "posts.like",
    "pk": 44,
    "fields": {
      "user": 20,
      "post": 45,
      "created_at": "2025-03-25T09:35:43.791769+00:00"
    }
  },
  {
    "model": "posts.like",
    "pk": 45,
    "fields": {
      "user": 20,
      "post": 8,
      "created_at": "2025-03-25T09:35:43.796200+00:00"
    }
  },
  {
    "model": "posts.like",
    "pk": 46,
    "fields": {
      "user": 12,
      "post": 50,
      "created_at": "2025-03-25T09:35:43.800752+00:00"
    }
  },
  {
    "model": "posts.like",
    "pk": 47,
    "fields": {
      "user": 4,
      "post": 9,
      "created_at": "2025-03-25T09:35:43.805132+00:00"
    }
  },
  {
    "model": "posts.like",
    "pk": 48,
    "fields": {
      "user": 10,
      "post": 23,
      "created_at": "2025-03-25T09:35:43.809615+00:00"
    }
  },
  {
    "model": "posts.like",
    "pk": 49,
    "fields": {
      "user": 10,
      "post": 18,
      "created_at": "2025-03-25T09:35:43.814384+00:00"
    }
  },
  {
    "model": "posts.like",
    "pk": 50,
    "fields": {
      "user": 17,
      "post": 17,
      "created_at": "2025-03-25T09:35:43.820234+00:00"
    }
  },
  {
    "model": "posts.like",
    "pk": 51,
    "fields": {
      "user": 14,
      "post": 40,
      "created_at": "2025-03-25T09:35:43.824800+00:00"
    }
  },
  {
    "model": "posts.like",
    "pk": 52,
    "fields": {
      "user": 3,
      "post": 20,
      "created_at": "2025-03-25T09:35:43.829198+00:00"
    }
  },
  {
    "model": "posts.like",
    "pk": 53,
    "fields": {
      "user": 7,
      "post": 4,
      "created_at": "2025-03-25T09:35:43.833736+00:00"
    }
  },
  {
    "model": "posts.like",
    "pk": 54,
    "fields": {
      "user": 17,
      "post": 45,
      "created_at": "2025-03-25T09:35:43.838121+00:00"
    }
  },
  {
    "model": "posts.like",
    "pk": 55,
    "fields": {
      "user": 7,
      "post": 43,
      "created_at": "2025-03-25T09:35:43.842632+00:00"
    }
  },
  {
    "model": "posts.like",
    "pk": 56,
    "fields": {
      "user": 7,
      "post": 21,
      "created_at": "2025-03-25T09:35:43.846982+00:00"
    }
  },
  {
    "model": "posts.like",
    "pk": 57,
    "fields": {
      "user": 15,
      "post": 35,
      "created_at": "2025-03-25T09:35:43.852773+00:00"
    }
  },
  {
    "model": "posts.like",
    "pk": 58,
    "fields": {
      "user": 20,
      "post": 49,
      "created_at": "2025-03-25T09:35:43.858212+00:00"
    }
  },
  {
    "model": "posts.like",
    "pk": 59,
    "fields": {
      "user": 11,
      "post": 32,
      "created_at": "2025-03-25T09:35:43.862627+00:00"
    }
  },
  {
    "model": "posts.like",
    "pk": 60,
    "fields": {
      "user": 8,
      "post": 26,
      "created_at": "2025-03-25T09:35:43.867206+00:00"
    }
  },
  {
    "model": "posts.like",
    "pk": 61,
    "fields": {
      "user": 7,
      "post": 1,
      "created_at": "2025-03-25T09:35:43.871737+00:00"
    }
  },
  {
    "model": "posts.like",
    "pk": 62,
    "fields": {
      "user": 5,
      "post": 20,
      "created_at": "2025-03-25T09:35:43.876630+00:00"
    }
  },
  {
    "model": "posts.like",
    "pk": 63,
    "fields": {
      "user": 14,
      "post": 38,
      "created_at": "2025-03-25T09:35:43.881040+00:00"
    }
  },
  {
    "model": "posts.like",
    "pk": 64,
    "fields": {
      "user": 21,
      "post": 31,
      "created_at": "2025-03-25T09:35:43.885630+00:00"
    }
  },
  {
    "model": "posts.like",
    "pk": 65,
    "fields": {
      "user": 10,
      "post": 32,
      "created_at": "2025-03-25T09:35:43.890058+00:00"
    }
  },
  {
    "model": "posts.like",
    "pk": 66,
    "fields": {
      "user": 20,
      "post": 35,
      "created_at": "2025-03-25T09:35:43.894518+00:00"
    }
  },
  {
    "model": "posts.like",
    "pk": 67,
    "fields": {
      "user": 16,
      "post": 30,
      "created_at": "2025-03-25T09:35:43.898916+00:00"
    }
  },
  {
    "model": "posts.like",
    "pk": 68,
    "fields": {
      "user": 8,
      "post": 45,
      "created_at": "2025-03-25T09:35:43.904410+00:00"
    }
  },
  {
    "model": "posts.like",
    "pk": 69,
    "fields": {
      "user": 10,
      "post": 17,
      "created_at": "2025-03-25T09:35:43.908853+00:00"
    }
  },
  {
    "model": "posts.like",
    "pk": 70,
    "fields": {
      "user": 12,
      "post": 32,
      "created_at": "2025-03-25T09:35:43.913246+00:00"
    }
  },
  {
    "model": "posts.like",
    "pk": 71,
    "fields": {
      "user": 18,
      "post": 38,
      "created_at": "2025-03-25T09:35:43.917635+00:00"
    }
  },
  {
    "model": "posts.like",
    "pk": 72,
    "fields": {
      "user": 5,
      "post": 24,
      "created_at": "2025-03-25T09:35:43.921997+00:00"
    }
  },
  {
    "model": "posts.like",
    "pk": 73,
    "fields": {
      "user": 21,
      "post": 10,
      "created_at": "2025-03-25T09:35:43.926412+00:00"
    }
  },
  {
    "model": "posts.like",
    "pk": 74,
    "fields": {
      "user": 5,
      "post": 22,
      "created_at": "2025-03-25T09:35:43.930910+00:00"
    }
  },
  {
    "model": "posts.like",
    "pk": 75,
    "fields": {
      "user": 21,
      "post": 15,
      "created_at": "2025-03-25T09:35:43.935297+00:00"
    }
  },
  {
    "model": "posts.like",
    "pk": 76,
    "fields": {
      "user": 16,
      "post": 6,
      "created_at": "2025-03-25T09:35:43.940783+00:00"
    }
  },
  {
    "model": "posts.like",
    "pk": 77,
    "fields": {
      "user": 10,
      "post": 50,
      "created_at": "2025-03-25T09:35:43.945423+00:00"
    }
  },
  {
    "model": "posts.like",
    "pk": 78,
    "fields": {
      "user": 10,
      "post": 10,
      "created_at": "2025-03-25T09:35:43.949989+00:00"
    }
  },
  {
    "model": "posts.like",
    "pk": 79,
    "fields": {
      "user": 10,
      "post": 9,
      "created_at": "2025-03-25T09:35:43.955930+00:00"
    }
  },
  {
    "model": "posts.like",
    "pk": 80,
    "fields": {
      "user": 11,
      "post": 8,
      "created_at": "2025-03-25T09:35:43.960263+00:00"
    }
  },
  {
    "model": "posts.like",
    "pk": 81,
    "fields": {
      "user": 15,
      "post": 19,
      "created_at": "2025-03-25T09:35:43.965201+00:00"
    }
  },
  {
    "model": "posts.like",
    "pk": 82,
    "fields": {
      "user": 17,
      "post": 34,
      "created_at": "2025-03-25T09:35:43.969712+00:00"
    }
  },
  {
    "model": "posts.like",
    "pk": 83,
    "fields": {
      "user": 6,
      "post": 39,
      "created_at": "2025-03-25T09:35:43.974153+00:00"
    }
  },
  {
    "model": "posts.like",
    "pk": 84,
    "fields": {
      "user": 10,
      "post": 30,
      "created_at": "2025-03-25T09:35:43.978646+00:00"
    }
  },
  {
    "model": "posts.like",
    "pk": 85,
    "fields": {
      "user": 17,
      "post": 38,
      "created_at": "2025-03-25T09:35:43.983050+00:00"
    }
  },
  {
    "model": "posts.like",
    "pk": 86,
    "fields": {
      "user": 17,
      "post": 18,
      "created_at": "2025-03-25T09:35:43.988851+00:00"
    }
  },
  {
    "model": "posts.like",
    "pk": 87,
    "fields": {
      "user": 11,
      "post": 22,
      "created_at": "2025-03-25T09:35:43.993246+00:00"
    }
  },
  {
    "model": "posts.like",
    "pk": 88,
    "fields": {
      "user": 3,
      "post": 36,
      "created_at": "2025-03-25T09:35:43.997720+00:00"
    }
  },
  {
    "model": "posts.like",
    "pk": 89,
    "fields": {
      "user": 15,
      "post": 9,
      "created_at": "2025-03-25T09:35:44.003729+00:00"
    }
  },
  {
    "model": "posts.like",
    "pk": 90,
    "fields": {
      "user": 11,
      "post": 47,
      "created_at": "2025-03-25T09:35:44.008428+00:00"
    }
  },
  {
    "model": "posts.like",
    "pk": 91,
    "fields": {
      "user": 15,
      "post": 46,
      "created_at": "2025-03-25T09:35:44.015175+00:00"
    }
  },
  {
    "model": "posts.like",
    "pk": 92,
    "fields": {
      "user": 11,
      "post": 28,
      "created_at": "2025-03-25T09:35:44.019633+00:00"
    }
  },
  {
    "model": "posts.like",
    "pk": 93,
    "fields": {
      "user": 7,
      "post": 28,
      "created_at": "2025-03-25T09:35:44.024059+00:00"
    }
  },
  {
    "model": "posts.like",
    "pk": 94,
    "fields": {
      "user": 15,
      "post": 31,
      "created_at": "2025-03-25T09:35:44.028517+00:00"
    }
  },
  {
    "model": "posts.like",
    "pk": 95,
    "fields": {
      "user": 19,
      "post": 50,
      "created_at": "2025-03-25T09:35:44.032923+00:00"
    }
  },
  {
    "model": "posts.like",
    "pk": 96,
    "fields": {
      "user": 21,
      "post": 26,
      "created_at": "2025-03-25T09:35:44.037230+00:00"
    }
  },
  {
    "model": "posts.like",
    "pk": 97,
    "fields": {
      "user": 19,
      "post": 45,
      "created_at": "2025-03-25T09:35:44.041733+00:00"
    }
  },
  {
    "model": "posts.like",
    "pk": 98,
    "fields": {
      "user": 5,
      "post": 21,
      "created_at": "2025-03-25T09:35:44.046043+00:00"
    }
  },
  {
    "model": "posts.like",
    "pk": 99,
    "fields": {
      "user": 2,
      "post": 16,
      "created_at": "2025-03-25T09:35:44.051671+00:00"
    }
  },
  {
    "model": "posts.like",
    "pk": 100,
    "fields": {
      "user": 6,
      "post": 45,
      "created_at": "2025-03-25T09:35:44.056088+00:00"
    }
  },
  {
    "model": "posts.like",
    "pk": 101,
    "fields": {
      "user": 14,
      "post": 36,
      "created_at": "2025-03-25T09:35:44.060502+00:00"
    }
  },
  {
    "model": "posts.like",
    "pk": 102,
    "fields": {
      "user": 18,
      "post": 14,
      "created_at": "2025-03-25T09:35:44.064955+00:00"
    }
  },
  {
    "model": "posts.like",
    "pk": 103,
    "fields": {
      "user": 13,
      "post": 21,
      "created_at": "2025-03-25T09:35:44.069359+00:00"
    }
  },
  {
    "model": "posts.like",
    "pk": 104,
    "fields": {
      "user": 21,
      "post": 46,
      "created_at": "2025-03-25T09:35:44.073811+00:00"
    }
  },
  {
    "model": "posts.like",
    "pk": 105,
    "fields": {
      "user": 2,
      "post": 6,
      "created_at": "2025-03-25T09:35:44.078103+00:00"
    }
  },
  {
    "model": "posts.like",
    "pk": 106,
    "fields": {
      "user": 19,
      "post": 46,
      "created_at": "2025-03-25T09:35:44.082444+00:00"
    }
  },
  {
    "model": "posts.like",
    "pk": 107,
    "fields": {
      "user": 12,
      "post": 48,
      "created_at": "2025-03-25T09:35:44.086795+00:00"
    }
  },
  {
    "model": "posts.like",
    "pk": 108,
    "fields": {
      "user": 14,
      "post": 50,
      "created_at": "2025-03-25T09:35:44.091171+00:00"
    }
  },
  {
    "model": "posts.like",
    "pk": 109,
    "fields": {
      "user": 20,
      "post": 31,
      "created_at": "2025-03-25T09:35:44.096353+00:00"
    }
  },
  {
    "model": "posts.like",
    "pk": 110,
    "fields": {
      "user": 9,
      "post": 35,
      "created_at": "2025-03-25T09:35:44.100790+00:00"
    }
  },
  {
    "model": "posts.like",
    "pk": 111,
    "fields": {
      "user": 11,
      "post": 9,
      "created_at": "2025-03-25T09:35:44.105101+00:00"
    }
  },
  {
    "model": "posts.like",
    "pk": 112,
    "fields": {
      "user": 3,
      "post": 41,
      "created_at": "2025-03-25T09:35:44.109476+00:00"
    }
  },
  {
    "model": "posts.like",
    "pk": 113,
    "fields": {
      "user": 17,
      "post": 35,
      "created_at": "2025-03-25T09:35:44.114203+00:00"
    }
  },
  {
    "model": "posts.like",
    "pk": 114,
    "fields": {
      "user": 3,
      "post": 27,
      "created_at": "2025-03-25T09:35:44.118675+00:00"
    }
  },
  {
    "model": "posts.like",
    "pk": 115,
    "fields": {
      "user": 10,
      "post": 7,
      "created_at": "2025-03-25T09:35:44.123117+00:00"
    }
  },
  {
    "model": "posts.like",
    "pk": 116,
    "fields": {
      "user": 20,
      "post": 15,
      "created_at": "2025-03-25T09:35:44.127660+00:00"
    }
  },
  {
    "model": "posts.like",
    "pk": 117,
    "fields": {
      "user": 16,
      "post": 33,
      "created_at": "2025-03-25T09:35:44.132091+00:00"
    }
  },
  {
    "model": "posts.like",
    "pk": 118,
    "fields": {
      "user": 7,
      "post": 16,
      "created_at": "2025-03-25T09:35:44.136460+00:00"
    }
  },
  {
    "model": "posts.like",
    "pk": 119,
    "fields": {
      "user": 9,
      "post": 36,
      "created_at": "2025-03-25T09:35:44.141315+00:00"
    }
  },
  {
    "model": "posts.like",
    "pk": 120,
    "fields": {
      "user": 6,
      "post": 6,
      "created_at": "2025-03-25T09:35:44.146224+00:00"
    }
  },
  {
    "model": "posts.like",
    "pk": 121,
    "fields": {
      "user": 8,
      "post": 29,
      "created_at": "2025-03-25T09:35:44.150878+00:00"
    }
  },
  {
    "model": "posts.like",
    "pk": 122,
    "fields": {
      "user": 8,
      "post": 13,
      "created_at": "2025-03-25T09:35:44.155215+00:00"
    }
  },
  {
    "model": "posts.like",
    "pk": 123,
    "fields": {
      "user": 18,
      "post": 20,
      "created_at": "2025-03-25T09:35:44.159623+00:00"
    }
  },
  {
    "model": "posts.like",
    "pk": 124,
    "fields": {
      "user": 3,
      "post": 25,
      "created_at": "2025-03-25T09:35:44.165100+00:00"
    }
  },
  {
    "model": "posts.like",
    "pk": 125,
    "fields": {
      "user": 16,
      "post": 1,
      "created_at": "2025-03-25T09:35:44.169506+00:00"
    }
  },
  {
    "model": "posts.like",
    "pk": 126,
    "fields": {
      "user": 7,
      "post": 5,
      "created_at": "2025-03-25T09:35:44.173943+00:00"
    }
  },
  {
    "model": "posts.like",
    "pk": 127,
    "fields": {
      "user": 12,
      "post": 28,
      "created_at": "2025-03-25T09:35:44.178417+00:00"
    }
  },
  {
    "model": "posts.like",
    "pk": 128,
    "fields": {
      "user": 8,
      "post": 12,
      "created_at": "2025-03-25T09:35:44.184081+00:00"
    }
  },
  {
    "model": "posts.like",
    "pk": 129,
    "fields": {
      "user": 15,
      "post": 3,
      "created_at": "2025-03-25T09:35:44.188647+00:00"
    }
  },
  {
    "model": "posts.like",
    "pk": 130,
    "fields": {
      "user": 11,
      "post": 24,
      "created_at": "2025-03-25T09:35:44.193163+00:00"
    }
  },
  {
    "model": "posts.like",
    "pk": 131,
    "fields": {
      "user": 2,
      "post": 27,
      "created_at": "2025-03-25T09:35:44.197701+00:00"
    }
  },
  {
    "model": "posts.like",
    "pk": 132,
    "fields": {
      "user": 6,
      "post": 2,
      "created_at": "2025-03-25T09:35:44.203095+00:00"
    }
  },
  {
    "model": "posts.like",
    "pk": 133,
    "fields": {
      "user": 11,
      "post": 10,
      "created_at": "2025-03-25T09:35:44.207629+00:00"
    }
  },
  {
    "model": "posts.like",
    "pk": 134,
    "fields": {
      "user": 16,
      "post": 12,
      "created_at": "2025-03-25T09:35:44.212099+00:00"
    }
  },
  {
    "model": "posts.like",
    "pk": 135,
    "fields": {
      "user": 10,
      "post": 38,
      "created_at": "2025-03-25T09:35:44.216630+00:00"
    }
  },
  {
    "model": "posts.like",
    "pk": 136,
    "fields": {
      "user": 18,
      "post": 39,
      "created_at": "2025-03-25T09:35:44.220995+00:00"
    }
  },
  {
    "model": "posts.like",
    "pk": 137,
    "fields": {
      "user": 12,
      "post": 30,
      "created_at": "2025-03-25T09:35:44.225370+00:00"
    }
  },
  {
    "model": "posts.like",
    "pk": 138,
    "fields": {
      "user": 11,
      "post": 27,
      "created_at": "2025-03-25T09:35:44.231185+00:00"
    }
  },
  {
    "model": "posts.like",
    "pk": 139,
    "fields": {
      "user": 2,
      "post": 15,
      "created_at": "2025-03-25T09:35:44.235853+00:00"
    }
  },
  {
    "model": "posts.like",
    "pk": 140,
    "fields": {
      "user": 2,
      "post": 44,
      "created_at": "2025-03-25T09:35:44.240305+00:00"
    }
  },
  {
    "model": "posts.like",
    "pk": 141,
    "fields": {
      "user": 19,
      "post": 35,
      "created_at": "2025-03-25T09:35:44.244689+00:00"
    }
  },
  {
    "model": "posts.like",
    "pk": 142,
    "fields": {
      "user": 20,
      "post": 50,
      "created_at": "2025-03-25T09:35:44.251295+00:00"
    }
  },
  {
    "model": "posts.like",
    "pk": 143,
    "fields": {
      "user": 16,
      "post": 42,
      "created_at": "2025-03-25T09:35:44.256859+00:00"
    }
  },
  {
    "model": "posts.like",
    "pk": 144,
    "fields": {
      "user": 7,
      "post": 44,
      "created_at": "2025-03-25T09:35:44.261270+00:00"
    }
  },
  {
    "model": "posts.like",
    "pk": 145,
    "fields": {
      "user": 21,
      "post": 38,
      "created_at": "2025-03-25T09:35:44.265750+00:00"
    }
  },
  {
    "model": "posts.like",
    "pk": 146,
    "fields": {
      "user": 9,
      "post": 28,
      "created_at": "2025-03-25T09:35:44.271153+00:00"
    }
  },
  {
    "model": "posts.like",
    "pk": 147,
    "fields": {
      "user": 17,
      "post": 41,
      "created_at": "2025-03-25T09:35:44.275653+00:00"
    }
  },
  {
    "model": "posts.like",
    "pk": 148,
    "fields": {
      "user": 19,
      "post": 36,
      "created_at": "2025-03-25T09:35:44.281152+00:00"
    }
  },
  {
    "model": "posts.like",
    "pk": 149,
    "fields": {
      "user": 5,
      "post": 9,
      "created_at": "2025-03-25T09:35:44.285656+00:00"
    }
  },
  {
    "model": "posts.like",
    "pk": 150,
    "fields": {
      "user": 16,
      "post": 14,
      "created_at": "2025-03-25T09:35:44.290139+00:00"
    }
  },
  {
    "model": "posts.like",
    "pk": 151,
    "fields": {
      "user": 20,
      "post": 48,
      "created_at": "2025-03-25T09:35:44.294668+00:00"
    }
  },
  {
    "model": "posts.like",
    "pk": 152,
    "fields": {
      "user": 9,
      "post": 2,
      "created_at": "2025-03-25T09:35:44.299103+00:00"
    }
  },
  {
    "model": "posts.like",
    "pk": 153,
    "fields": {
      "user": 8,
      "post": 4,
      "created_at": "2025-03-25T09:35:44.303544+00:00"
    }
  },
  {
    "model": "posts.like",
    "pk": 154,
    "fields": {
      "user": 9,
      "post": 3,
      "created_at": "2025-03-25T09:35:44.307980+00:00"
    }
  },
  {
    "model": "posts.like",
    "pk": 155,
    "fields": {
      "user": 17,
      "post": 44,
      "created_at": "2025-03-25T09:35:44.312649+00:00"
    }
  },
  {
    "model": "posts.like",
    "pk": 156,
    "fields": {
      "user": 13,
      "post": 6,
      "created_at": "2025-03-25T09:35:44.317031+00:00"
    }
  },
  {
    "model": "posts.like",
    "pk": 157,
    "fields": {
      "user": 13,
      "post": 50,
      "created_at": "2025-03-25T09:35:44.321558+00:00"
    }
  },
  {
    "model": "posts.like",
    "pk": 158,
    "fields": {
      "user": 17,
      "post": 11,
      "created_at": "2025-03-25T09:35:44.326025+00:00"
    }
  },
  {
    "model": "posts.like",
    "pk": 159,
    "fields": {
      "user": 14,
      "post": 1,
      "created_at": "2025-03-25T09:35:44.331657+00:00"
    }
  },
  {
    "model": "posts.like",
    "pk": 160,
    "fields": {
      "user": 16,
      "post": 40,
      "created_at": "2025-03-25T09:35:44.336087+00:00"
    }
  },
  {
    "model": "posts.like",
    "pk": 161,
    "fields": {
      "user": 8,
      "post": 24,
      "created_at": "2025-03-25T09:35:44.340653+00:00"
    }
  },
  {
    "model": "posts.like",
    "pk": 162,
    "fields": {
      "user": 16,
      "post": 28,
      "created_at": "2025-03-25T09:35:44.346300+00:00"
    }
  },
  {
    "model": "posts.like",
    "pk": 163,
    "fields": {
      "user": 10,
      "post": 22,
      "created_at": "2025-03-25T09:35:44.351899+00:00"
    }
  },
  {
    "model": "posts.like",
    "pk": 164,
    "fields": {
      "user": 17,
      "post": 7,
      "created_at": "2025-03-25T09:35:44.356318+00:00"
    }
  },
  {
    "model": "posts.like",
    "pk": 165,
    "fields": {
      "user": 3,
      "post": 7,
      "created_at": "2025-03-25T09:35:44.361942+00:00"
    }
  },
  {
    "model": "posts.like",
    "pk": 166,
    "fields": {
      "user": 3,
      "post": 31,
      "created_at": "2025-03-25T09:35:44.366447+00:00"
    }
  },
  {
    "model": "posts.like",
    "pk": 167,
    "fields": {
      "user": 8,
      "post": 32,
      "created_at": "2025-03-25T09:35:44.372134+00:00"
    }
  },
  {
    "model": "posts.like",
    "pk": 168,
    "fields": {
      "user": 6,
      "post": 49,
      "created_at": "2025-03-25T09:35:44.376744+00:00"
    }
  },
  {
    "model": "posts.like",
    "pk": 169,
    "fields": {
      "user": 3,
      "post": 28,
      "created_at": "2025-03-25T09:35:44.381210+00:00"
    }
  },
  {
    "model": "posts.like",
    "pk": 170,
    "fields": {
      "user": 14,
      "post": 8,
      "created_at": "2025-03-25T09:35:44.385793+00:00"
    }
  },
  {
    "model": "posts.like",
    "pk": 171,
    "fields": {
      "user": 10,
      "post": 27,
      "created_at": "2025-03-25T09:35:44.390377+00:00"
    }
  },
  {
    "model": "posts.like",
    "pk": 172,
    "fields": {
      "user": 5,
      "post": 36,
      "created_at": "2025-03-25T09:35:44.394954+00:00"
    }
  },
  {
    "model": "posts.like",
    "pk": 173,
    "fields": {
      "user": 15,
      "post": 49,
      "created_at": "2025-03-25T09:35:44.399437+00:00"
    }
  },
  {
    "model": "posts.like",
    "pk": 174,
    "fields": {
      "user": 5,
      "post": 43,
      "created_at": "2025-03-25T09:35:44.405018+00:00"
    }
  },
  {
    "model": "posts.like",
    "pk": 175,
    "fields": {
      "user": 9,
      "post": 20,
      "created_at": "2025-03-25T09:35:44.409492+00:00"
    }
  },
  {
    "model": "posts.like",
    "pk": 176,
    "fields": {
      "user": 6,
      "post": 38,
      "created_at": "2025-03-25T09:35:44.414003+00:00"
    }
  },
  {
    "model": "posts.like",
    "pk": 177,
    "fields": {
      "user": 2,
      "post": 30,
      "created_at": "2025-03-25T09:35:44.418388+00:00"
    }
  },
  {
    "model": "posts.like",
    "pk": 178,
    "fields": {
      "user": 8,
      "post": 22,
      "created_at": "2025-03-25T09:35:44.423890+00:00"
    }
  },
  {
    "model": "posts.like",
    "pk": 179,
    "fields": {
      "user": 16,
      "post": 5,
      "created_at": "2025-03-25T09:35:44.429346+00:00"
    }
  },
  {
    "model": "posts.like",
    "pk": 180,
    "fields": {
      "user": 2,
      "post": 32,
      "created_at": "2025-03-25T09:35:44.433731+00:00"
    }
  },
  {
    "model": "posts.like",
    "pk": 181,
    "fields": {
      "user": 2,
      "post": 37,
      "created_at": "2025-03-25T09:35:44.438211+00:00"
    }
  },
  {
    "model": "posts.like",
    "pk": 182,
    "fields": {
      "user": 14,
      "post": 45,
      "created_at": "2025-03-25T09:35:44.442667+00:00"
    }
  },
  {
    "model": "posts.like",
    "pk": 183,
    "fields": {
      "user": 11,
      "post": 31,
      "created_at": "2025-03-25T09:35:44.447063+00:00"
    }
  },
  {
    "model": "posts.like",
    "pk": 184,
    "fields": {
      "user": 16,
      "post": 11,
      "created_at": "2025-03-25T09:35:44.451572+00:00"
    }
  },
  {
    "model": "posts.like",
    "pk": 185,
    "fields": {
      "user": 2,
      "post": 23,
      "created_at": "2025-03-25T09:35:44.456024+00:00"
    }
  },
  {
    "model": "posts.like",
    "pk": 186,
    "fields": {
      "user": 17,
      "post": 5,
      "created_at": "2025-03-25T09:35:44.460403+00:00"
    }
  },
  {
    "model": "posts.like",
    "pk": 187,
    "fields": {
      "user": 12,
      "post": 20,
      "created_at": "2025-03-25T09:35:44.464926+00:00"
    }
  },
  {
    "model": "posts.like",
    "pk": 188,
    "fields": {
      "user": 17,
      "post": 1,
      "created_at": "2025-03-25T09:35:44.471712+00:00"
    }
  },
  {
    "model": "posts.like",
    "pk": 189,
    "fields": {
      "user": 15,
      "post": 17,
      "created_at": "2025-03-25T09:35:44.476105+00:00"
    }
  },
  {
    "model": "posts.like",
    "pk": 190,
    "fields": {
      "user": 12,
      "post": 36,
      "created_at": "2025-03-25T09:35:44.480672+00:00"
    }
  },
  {
    "model": "posts.like",
    "pk": 191,
    "fields": {
      "user": 12,
      "post": 3,
      "created_at": "2025-03-25T09:35:44.485175+00:00"
    }
  },
  {
    "model": "posts.like",
    "pk": 192,
    "fields": {
      "user": 2,
      "post": 22,
      "created_at": "2025-03-25T09:35:44.489788+00:00"
    }
  },
  {
    "model": "posts.like",
    "pk": 193,
    "fields": {
      "user": 7,
      "post": 27,
      "created_at": "2025-03-25T09:35:44.495356+00:00"
    }
  },
  {
    "model": "posts.like",
    "pk": 194,
    "fields": {
      "user": 18,
      "post": 40,
      "created_at": "2025-03-25T09:35:44.499928+00:00"
    }
  },
  {
    "model": "posts.like",
    "pk": 195,
    "fields": {
      "user": 13,
      "post": 40,
      "created_at": "2025-03-25T09:35:44.505519+00:00"
    }
  },
  {
    "model": "posts.like",
    "pk": 196,
    "fields": {
      "user": 8,
      "post": 48,
      "created_at": "2025-03-25T09:35:44.509972+00:00"
    }
  },
  {
    "model": "posts.like",
    "pk": 197,
    "fields": {
      "user": 10,
      "post": 12,
      "created_at": "2025-03-25T09:35:44.514483+00:00"
    }
  },
  {
    "model": "posts.like",
    "pk": 198,
    "fields": {
      "user": 7,
      "post": 15,
      "created_at": "2025-03-25T09:35:44.519998+00:00"
    }
  },
  {
    "model": "posts.like",
    "pk": 199,
    "fields": {
      "user": 11,
      "post": 35,
      "created_at": "2025-03-25T09:35:44.524521+00:00"
    }
  },
  {
    "model": "posts.like",
    "pk": 200,
    "fields": {
      "user": 19,
      "post": 27,
      "created_at": "2025-03-25T09:35:44.528962+00:00"
    }
  },
  {
    "model": "posts.follow",
    "pk": 1,
    "fields": {
      "follower": 18,
      "following": 21,
      "created_at": "2025-03-25T09:35:44.535046+00:00"
    }
  },
  {
    "model": "posts.follow",
    "pk": 2,
    "fields": {
      "follower": 9,
      "following": 21,
      "created_at": "2025-03-25T09:35:44.540044+00:00"
    }
  },
  {
    "model": "posts.follow",
    "pk": 3,
    "fields": {
      "follower": 14,
      "following": 21,
      "created_at": "2025-03-25T09:35:44.544982+00:00"
    }
  },
  {
    "model": "posts.follow",
    "pk": 4,
    "fields": {
      "follower": 3,
      "following": 8,
      "created_at": "2025-03-25T09:35:44.550918+00:00"
    }
  },
  {
    "model": "posts.follow",
    "pk": 5,
    "fields": {
      "follower": 14,
      "following": 12,
      "created_at": "2025-03-25T09:35:44.555724+00:00"
    }
  },
  {
    "model": "posts.follow",
    "pk": 6,
    "fields": {
      "follower": 10,
      "following": 19,
      "created_at": "2025-03-25T09:35:44.560356+00:00"
    }
  },
  {
    "model": "posts.follow",
    "pk": 7,
    "fields": {
      "follower": 16,
      "following": 4,
      "created_at": "2025-03-25T09:35:44.566352+00:00"
    }
  },
  {
    "model": "posts.follow",
    "pk": 8,
    "fields": {
      "follower": 16,
      "following": 19,
      "created_at": "2025-03-25T09:35:44.570972+00:00"
    }
  },
  {
    "model": "posts.follow",
    "pk": 9,
    "fields": {
      "follower": 12,
      "following": 11,
      "created_at": "2025-03-25T09:35:44.577679+00:00"
    }
  },
  {
    "model": "posts.follow",
    "pk": 10,
    "fields": {
      "follower": 6,
      "following": 14,
      "created_at": "2025-03-25T09:35:44.583190+00:00"
    }
  },
  {
    "model": "posts.follow",
    "pk": 11,
    "fields": {
      "follower": 21,
      "following": 15,
      "created_at": "2025-03-25T09:35:44.588244+00:00"
    }
  },
  {
    "model": "posts.follow",
    "pk": 12,
    "fields": {
      "follower": 5,
      "following": 13,
      "created_at": "2025-03-25T09:35:44.594127+00:00"
    }
  },
  {
    "model": "posts.follow",
    "pk": 13,
    "fields": {
      "follower": 17,
      "following": 2,
      "created_at": "2025-03-25T09:35:44.599430+00:00"
    }
  },
  {
    "model": "posts.follow",
    "pk": 14,
    "fields": {
      "follower": 9,
      "following": 6,
      "created_at": "2025-03-25T09:35:44.604480+00:00"
    }
  },
  {
    "model": "posts.follow",
    "pk": 15,
    "fields": {
      "follower": 8,
      "following": 16,
      "created_at": "2025-03-25T09:35:44.609287+00:00"
    }
  },
  {
    "model": "posts.follow",
    "pk": 16,
    "fields": {
      "follower": 12,
      "following": 7,
      "created_at": "2025-03-25T09:35:44.613941+00:00"
    }
  },
  {
    "model": "posts.follow",
    "pk": 17,
    "fields": {
      "follower": 3,
      "following": 9,
      "created_at": "2025-03-25T09:35:44.618451+00:00"
    }
  },
  {
    "model": "posts.follow",
    "pk": 18,
    "fields": {
      "follower": 20,
      "following": 17,
      "created_at": "2025-03-25T09:35:44.624227+00:00"
    }
  },
  {
    "model": "posts.follow",
    "pk": 19,
    "fields": {
      "follower": 11,
      "following": 16,
      "created_at": "2025-03-25T09:35:44.628797+00:00"
    }
  },
  {
    "model": "posts.follow",
    "pk": 20,
    "fields": {
      "follower": 17,
      "following": 7,
      "created_at": "2025-03-25T09:35:44.633251+00:00"
    }
  },
  {
    "model": "posts.follow",
    "pk": 21,
    "fields": {
      "follower": 10,
      "following": 4,
      "created_at": "2025-03-25T09:35:44.637676+00:00"
    }
  },
  {
    "model": "posts.follow",
    "pk": 22,
    "fields": {
      "follower": 10,
      "following": 17,
      "created_at": "2025-03-25T09:35:44.642106+00:00"
    }
  },
  {
    "model": "posts.follow",
    "pk": 23,
    "fields": {
      "follower": 11,
      "following": 9,
      "created_at": "2025-03-25T09:35:44.646628+00:00"
    }
  },
  {
    "model": "posts.follow",
    "pk": 24,
    "fields": {
      "follower": 4,
      "following": 15,
      "created_at": "2025-03-25T09:35:44.651216+00:00"
    }
  },
  {
    "model": "posts.follow",
    "pk": 25,
    "fields": {
      "follower": 14,
      "following": 6,
      "created_at": "2025-03-25T09:35:44.655674+00:00"
    }
  },
  {
    "model": "posts.follow",
    "pk": 26,
    "fields": {
      "follower": 6,
      "following": 18,
      "created_at": "2025-03-25T09:35:44.660095+00:00"
    }
  },
  {
    "model": "posts.follow",
    "pk": 27,
    "fields": {
      "follower": 17,
      "following": 4,
      "created_at": "2025-03-25T09:35:44.664514+00:00"
    }
  },
  {
    "model": "posts.follow",
    "pk": 28,
    "fields": {
      "follower": 10,
      "following": 8,
      "created_at": "2025-03-25T09:35:44.669272+00:00"
    }
  },
  {
    "model": "posts.follow",
    "pk": 29,
    "fields": {
      "follower": 18,
      "following": 6,
      "created_at": "2025-03-25T09:35:44.673955+00:00"
    }
  },
  {
    "model": "posts.follow",
    "pk": 30,
    "fields": {
      "follower": 17,
      "following": 11,
      "created_at": "2025-03-25T09:35:44.679494+00:00"
    }
  },
  {
    "model": "posts.follow",
    "pk": 31,
    "fields": {
      "follower": 20,
      "following": 2,
      "created_at": "2025-03-25T09:35:44.685191+00:00"
    }
  },
  {
    "model": "posts.follow",
    "pk": 32,
    "fields": {
      "follower": 3,
      "following": 13,
      "created_at": "2025-03-25T09:35:44.689908+00:00"
    }
  },
  {
    "model": "posts.follow",
    "pk": 33,
    "fields": {
      "follower": 12,
      "following": 18,
      "created_at": "2025-03-25T09:35:44.694338+00:00"
    }
  },
  {
    "model": "posts.follow",
    "pk": 34,
    "fields": {
      "follower": 21,
      "following": 13,
      "created_at": "2025-03-25T09:35:44.699973+00:00"
    }
  },
  {
    "model": "posts.follow",
    "pk": 35,
    "fields": {
      "follower": 18,
      "following": 16,
      "created_at": "2025-03-25T09:35:44.704528+00:00"
    }
  },
  {
    "model": "posts.follow",
    "pk": 36,
    "fields": {
      "follower": 16,
      "following": 9,
      "created_at": "2025-03-25T09:35:44.710014+00:00"
    }
  },
  {
    "model": "posts.follow",
    "pk": 37,
    "fields": {
      "follower": 4,
      "following": 19,
      "created_at": "2025-03-25T09:35:44.714523+00:00"
    }
  },
  {
    "model": "posts.follow",
    "pk": 38,
    "fields": {
      "follower": 7,
      "following": 2,
      "created_at": "2025-03-25T09:35:44.719044+00:00"
    }
  },
  {
    "model": "posts.follow",
    "pk": 39,
    "fields": {
      "follower": 9,
      "following": 11,
      "created_at": "2025-03-25T09:35:44.725671+00:00"
    }
  },
  {
    "model": "posts.follow",
    "pk": 40,
    "fields": {
      "follower": 10,
      "following": 3,
      "created_at": "2025-03-25T09:35:44.730224+00:00"
    }
  },
  {
    "model": "posts.follow",
    "pk": 41,
    "fields": {
      "follower": 10,
      "following": 21,
      "created_at": "2025-03-25T09:35:44.735753+00:00"
    }
  },
  {
    "model": "posts.follow",
    "pk": 42,
    "fields": {
      "follower": 12,
      "following": 5,
      "created_at": "2025-03-25T09:35:44.740314+00:00"
    }
  },
  {
    "model": "posts.follow",
    "pk": 43,
    "fields": {
      "follower": 3,
      "following": 11,
      "created_at": "2025-03-25T09:35:44.744953+00:00"
    }
  },
  {
    "model": "posts.follow",
    "pk": 44,
    "fields": {
      "follower": 11,
      "following": 13,
      "created_at": "2025-03-25T09:35:44.750534+00:00"
    }
  },
  {
    "model": "posts.follow",
    "pk": 45,
    "fields": {
      "follower": 9,
      "following": 7,
      "created_at": "2025-03-25T09:35:44.756097+00:00"
    }
  },
  {
    "model": "posts.follow",
    "pk": 46,
    "fields": {
      "follower": 7,
      "following": 6,
      "created_at": "2025-03-25T09:35:44.760768+00:00"
    }
  },
  {
    "model": "posts.follow",
    "pk": 47,
    "fields": {
      "follower": 15,
      "following": 12,
      "created_at": "2025-03-25T09:35:44.765271+00:00"
    }
  },
  {
    "model": "posts.follow",
    "pk": 48,
    "fields": {
      "follower": 19,
      "following": 15,
      "created_at": "2025-03-25T09:35:44.769890+00:00"
    }
  },
  {
    "model": "posts.follow",
    "pk": 49,
    "fields": {
      "follower": 10,
      "following": 9,
      "created_at": "2025-03-25T09:35:44.774425+00:00"
    }
  },
  {
    "model": "posts.follow",
    "pk": 50,
    "fields": {
      "follower": 19,
      "following": 2,
      "created_at": "2025-03-25T09:35:44.779357+00:00"
    }
  },
  {
    "model": "posts.follow",
    "pk": 51,
    "fields": {
      "follower": 17,
      "following": 15,
      "created_at": "2025-03-25T09:35:44.784941+00:00"
    }
  },
  {
    "model": "posts.follow",
    "pk": 52,
    "fields": {
      "follower": 6,
      "following": 2,
      "created_at": "2025-03-25T09:35:44.789426+00:00"
    }
  },
  {
    "model": "posts.follow",
    "pk": 53,
    "fields": {
      "follower": 3,
      "following": 16,
      "created_at": "2025-03-25T09:35:44.794039+00:00"
    }
  },
  {
    "model": "posts.follow",
    "pk": 54,
    "fields": {
      "follower": 20,
      "following": 10,
      "created_at": "2025-03-25T09:35:44.798708+00:00"
    }
  },
  {
    "model": "posts.follow",
    "pk": 55,
    "fields": {
      "follower": 10,
      "following": 16,
      "created_at": "2025-03-25T09:35:44.803204+00:00"
    }
  },
  {
    "model": "posts.follow",
    "pk": 56,
    "fields": {
      "follower": 17,
      "following": 6,
      "created_at": "2025-03-25T09:35:44.807770+00:00"
    }
  },
  {
    "model": "posts.follow",
    "pk": 57,
    "fields": {
      "follower": 11,
      "following": 2,
      "created_at": "2025-03-25T09:35:44.812186+00:00"
    }
  },
  {
    "model": "posts.follow",
    "pk": 58,
    "fields": {
      "follower": 4,
      "following": 16,
      "created_at": "2025-03-25T09:35:44.816794+00:00"
    }
  },
  {
    "model": "posts.follow",
    "pk": 59,
    "fields": {
      "follower": 10,
      "following": 18,
      "created_at": "2025-03-25T09:35:44.821343+00:00"
    }
  },
  {
    "model": "posts.follow",
    "pk": 60,
    "fields": {
      "follower": 4,
      "following": 17,
      "created_at": "2025-03-25T09:35:44.825818+00:00"
    }
  },
  {
    "model": "posts.follow",
    "pk": 61,
    "fields": {
      "follower": 18,
      "following": 12,
      "created_at": "2025-03-25T09:35:44.830389+00:00"
    }
  },
  {
    "model": "posts.follow",
    "pk": 62,
    "fields": {
      "follower": 18,
      "following": 10,
      "created_at": "2025-03-25T09:35:44.836009+00:00"
    }
  },
  {
    "model": "posts.follow",
    "pk": 63,
    "fields": {
      "follower": 19,
      "following": 14,
      "created_at": "2025-03-25T09:35:44.840620+00:00"
    }
  },
  {
    "model": "posts.follow",
    "pk": 64,
    "fields": {
      "follower": 15,
      "following": 9,
      "created_at": "2025-03-25T09:35:44.845138+00:00"
    }
  },
  {
    "model": "posts.follow",
    "pk": 65,
    "fields": {
      "follower": 15,
      "following": 16,
      "created_at": "2025-03-25T09:35:44.849666+00:00"
    }
  },
  {
    "model": "posts.follow",
    "pk": 66,
    "fields": {
      "follower": 5,
      "following": 4,
      "created_at": "2025-03-25T09:35:44.855289+00:00"
    }
  },
  {
    "model": "posts.follow",
    "pk": 67,
    "fields": {
      "follower": 15,
      "following": 18,
      "created_at": "2025-03-25T09:35:44.859906+00:00"
    }
  },
  {
    "model": "posts.follow",
    "pk": 68,
    "fields": {
      "follower": 5,
      "following": 18,
      "created_at": "2025-03-25T09:35:44.864443+00:00"
    }
  },
  {
    "model": "posts.follow",
    "pk": 69,
    "fields": {
      "follower": 20,
      "following": 19,
      "created_at": "2025-03-25T09:35:44.870011+00:00"
    }
  },
  {
    "model": "posts.follow",
    "pk": 70,
    "fields": {
      "follower": 13,
      "following": 15,
      "created_at": "2025-03-25T09:35:44.874633+00:00"
    }
  },
  {
    "model": "posts.follow",
    "pk": 71,
    "fields": {
      "follower": 19,
      "following": 13,
      "created_at": "2025-03-25T09:35:44.879168+00:00"
    }
  },
  {
    "model": "posts.follow",
    "pk": 72,
    "fields": {
      "follower": 21,
      "following": 20,
      "created_at": "2025-03-25T09:35:44.883745+00:00"
    }
  },
  {
    "model": "posts.follow",
    "pk": 73,
    "fields": {
      "follower": 7,
      "following": 10,
      "created_at": "2025-03-25T09:35:44.888270+00:00"
    }
  },
  {
    "model": "posts.follow",
    "pk": 74,
    "fields": {
      "follower": 7,
      "following": 9,
      "created_at": "2025-03-25T09:35:44.892761+00:00"
    }
  },
  {
    "model": "posts.follow",
    "pk": 75,
    "fields": {
      "follower": 10,
      "following": 12,
      "created_at": "2025-03-25T09:35:44.897267+00:00"
    }
  },
  {
    "model": "posts.follow",
    "pk": 76,
    "fields": {
      "follower": 12,
      "following": 3,
      "created_at": "2025-03-25T09:35:44.905185+00:00"
    }
  },
  {
    "model": "posts.follow",
    "pk": 77,
    "fields": {
      "follower": 3,
      "following": 17,
      "created_at": "2025-03-25T09:35:44.909758+00:00"
    }
  },
  {
    "model": "posts.follow",
    "pk": 78,
    "fields": {
      "follower": 16,
      "following": 11,
      "created_at": "2025-03-25T09:35:44.914271+00:00"
    }
  },
  {
    "model": "posts.follow",
    "pk": 79,
    "fields": {
      "follower": 21,
      "following": 19,
      "created_at": "2025-03-25T09:35:44.918686+00:00"
    }
  },
  {
    "model": "posts.follow",
    "pk": 80,
    "fields": {
      "follower": 14,
      "following": 10,
      "created_at": "2025-03-25T09:35:44.923244+00:00"
    }
  },
  {
    "model": "posts.follow",
    "pk": 81,
    "fields": {
      "follower": 12,
      "following": 10,
      "created_at": "2025-03-25T09:35:44.927702+00:00"
    }
  },
  {
    "model": "posts.follow",
    "pk": 82,
    "fields": {
      "follower": 8,
      "following": 10,
      "created_at": "2025-03-25T09:35:44.933326+00:00"
    }
  },
  {
    "model": "posts.follow",
    "pk": 83,
    "fields": {
      "follower": 20,
      "following": 3,
      "created_at": "2025-03-25T09:35:44.938183+00:00"
    }
  },
  {
    "model": "posts.follow",
    "pk": 84,
    "fields": {
      "follower": 15,
      "following": 4,
      "created_at": "2025-03-25T09:35:44.942781+00:00"
    }
  },
  {
    "model": "posts.follow",
    "pk": 85,
    "fields": {
      "follower": 20,
      "following": 12,
      "created_at": "2025-03-25T09:35:44.947273+00:00"
    }
  },
  {
    "model": "posts.follow",
    "pk": 86,
    "fields": {
      "follower": 14,
      "following": 16,
      "created_at": "2025-03-25T09:35:44.952027+00:00"
    }
  },
  {
    "model": "posts.follow",
    "pk": 87,
    "fields": {
      "follower": 16,
      "following": 18,
      "created_at": "2025-03-25T09:35:44.956555+00:00"
    }
  },
  {
    "model": "posts.follow",
    "pk": 88,
    "fields": {
      "follower": 2,
      "following": 13,
      "created_at": "2025-03-25T09:35:44.961089+00:00"
    }
  },
  {
    "model": "posts.follow",
    "pk": 89,
    "fields": {
      "follower": 20,
      "following": 6,
      "created_at": "2025-03-25T09:35:44.966973+00:00"
    }
  },
  {
    "model": "posts.follow",
    "pk": 90,
    "fields": {
      "follower": 15,
      "following": 10,
      "created_at": "2025-03-25T09:35:44.972787+00:00"
    }
  },
  {
    "model": "posts.follow",
    "pk": 91,
    "fields": {
      "follower": 17,
      "following": 10,
      "created_at": "2025-03-25T09:35:44.978271+00:00"
    }
  },
  {
    "model": "posts.follow",
    "pk": 92,
    "fields": {
      "follower": 6,
      "following": 8,
      "created_at": "2025-03-25T09:35:44.982811+00:00"
    }
  },
  {
    "model": "posts.follow",
    "pk": 93,
    "fields": {
      "follower": 5,
      "following": 20,
      "created_at": "2025-03-25T09:35:44.987340+00:00"
    }
  },
  {
    "model": "posts.follow",
    "pk": 94,
    "fields": {
      "follower": 17,
      "following": 21,
      "created_at": "2025-03-25T09:35:44.991810+00:00"
    }
  },
  {
    "model": "posts.follow",
    "pk": 95,
    "fields": {
      "follower": 9,
      "following": 8,
      "created_at": "2025-03-25T09:35:44.996733+00:00"
    }
  },
  {
    "model": "posts.follow",
    "pk": 96,
    "fields": {
      "follower": 4,
      "following": 11,
      "created_at": "2025-03-25T09:35:45.004552+00:00"
    }
  },
  {
    "model": "posts.follow",
    "pk": 97,
    "fields": {
      "follower": 14,
      "following": 20,
      "created_at": "2025-03-25T09:35:45.010801+00:00"
    }
  },
  {
    "model": "posts.follow",
    "pk": 98,
    "fields": {
      "follower": 16,
      "following": 3,
      "created_at": "2025-03-25T09:35:45.015403+00:00"
    }
  },
  {
    "model": "posts.follow",
    "pk": 99,
    "fields": {
      "follower": 4,
      "following": 2,
      "created_at": "2025-03-25T09:35:45.019897+00:00"
    }
  },
  {
    "model": "posts.follow",
    "pk": 100,
    "fields": {
      "follower": 12,
      "following": 15,
      "created_at": "2025-03-25T09:35:45.024292+00:00"
    }
  }
]